"施設名称","所在地","施設名かな","カテゴリ","分類","TEL","FAX","URL","URL2","バリアフリー情報","詳細情報","備考","経度","緯度","分類"
"八幡屋公園喫煙所","大阪市港区田中3丁目1番（八幡屋公園内）","やはたやこうえんきつえんじょ","環境・リサイクル","大阪市指定喫煙所","","","","","","面積：8.7平方メートル，供用時間：月曜日から日曜日（祝日含む）の7時から20時まで，喫煙所形態：屋外閉鎖型喫煙所","","135.44733565918","34.6598024917905","大阪市指定喫煙所"
"久遠泰心堂喫煙所","大阪市西淀川区御幣島2丁目5番27号","くおんたいしんどうきつえんじょ","環境・リサイクル","大阪市指定喫煙所","","","","","","面積：6.0平方メートル，供用時間：月曜日から日曜日（祝日含む）の9時から17時まで，喫煙所形態：屋内喫煙所","","135.455423671657","34.7128939113595","大阪市指定喫煙所"
"西淀川区姫島4丁目喫煙所","大阪市西淀川区姫島4丁目7番2号","にしよどがわくひめじま４ちょうめきつえんじょ","環境・リサイクル","大阪市指定喫煙所","","","","","","面積：7.5平方メートル，供用時間：月曜日から土曜日（祝日除く）の8時から19時まで，喫煙所形態：屋外閉鎖型喫煙所","","135.455803582786","34.7041550427982","大阪市指定喫煙所"
"柏里公園喫煙所","大阪市西淀川区柏里3丁目（柏里公園内）","かしわざとこうえんきつえんじょ","環境・リサイクル","大阪市指定喫煙所","","","","","","面積：8.7平方メートル，供用時間：月曜日から日曜日（祝日含む）の7時から20時まで，喫煙所形態：屋外閉鎖型喫煙所","","135.468380679335","34.7124722020033","大阪市指定喫煙所"
"パルパーク海老江駅2号出口屋外喫煙所","大阪市福島区海老江7丁目2番30号","ぱるぱーくえびええき２ごうでぐちおくがいきつえんじょ","環境・リサイクル","大阪市指定喫煙所","","","","","","面積：7.5平方メートル，供用時間：月曜日（祝日除く）から土曜日の8時から19時まで，喫煙所形態：屋外閉鎖型喫煙所","","135.472832055399","34.69560304873","大阪市指定喫煙所"
"リッチウエル本店喫煙所","大阪市住之江区南加賀屋2丁目2番23号（リッチウエル本店内）","りっちうえるほんてんきつえんじょ","環境・リサイクル","大阪市指定喫煙所","","","","","","面積：21.25平方メートル，供用時間：月曜日から日曜日（祝日含む）の10時から22時30分まで，喫煙所形態：屋内喫煙所","","135.473352288969","34.6085519014148","大阪市指定喫煙所"
"千島ガーデンモール駐車場喫煙所","大阪市大正区千島1丁目23番115号?（千島ガーデンモール内）","ちしまがーでんもーるちゅうしゃじょうきつえんじょ","環境・リサイクル","大阪市指定喫煙所","","","","","","面積：9.14平方メートル，供用時間：月曜日から日曜日（祝日含む）の9時から22時まで，喫煙所形態：屋外開放型喫煙所","","135.474572797838","34.6530454292727","大阪市指定喫煙所"
"四海樓九条店（1F）喫煙所","大阪市西区九条1丁目14番22号（四海樓九条店内）","しかいろうくじょうてん（いっかい）きつえんじょ","環境・リサイクル","大阪市指定喫煙所","","","","","","面積：2.84平方メートル，供用時間：月曜日から日曜日（祝日含む）の10時から22時まで，喫煙所形態：屋内喫煙所","","135.474452610343","34.6751830395265","大阪市指定喫煙所"
"THE TOBACCO JUSO","大阪市淀川区十三本町1丁目7番27号（サンポードシティ1階）","ざ　たばこ　じゅうそう","環境・リサイクル","大阪市指定喫煙所","","","","","","面積：28.5平方メートル，供用時間：月曜日から金曜日（祝日含む）の8時から19時まで，喫煙所形態：屋内喫煙所","","135.480537153511","34.7188367147734","大阪市指定喫煙所"
"中之島センタービル　Smoking Area","大阪市北区中之島6丁目2番27号","なかのしませんたーびる　すもーきんぐえりあ","環境・リサイクル","大阪市指定喫煙所","","","","","","面積：38.5平方メートル，供用時間：月曜日から土曜日（祝日含む）の8時から18時まで，喫煙所形態：屋外開放型喫煙所","","135.484689564652","34.6868436595159","大阪市指定喫煙所"
"グランキューブ大阪公共喫煙所","大阪市北区中之島5丁目3番51号","ぐらんきゅーぶおおさかこうきょうきつえんじょ","環境・リサイクル","大阪市指定喫煙所","","","","","","面積：100平方メートル，供用時間：月曜日から日曜日（祝日含む）の8時から22時まで，喫煙所形態：屋外開放型喫煙所","","135.48606404243","34.6899335473146","大阪市指定喫煙所"
"うめきた公園喫煙所","大阪市北区大深町（うめきた２期地区開発事業 うめきた公園内）","うめきたこうえんきつえんじょ","環境・リサイクル","大阪市指定喫煙所","","","","","","面積：7.8平方メートル，供用時間：月曜日から日曜日（祝日含む）の6時から24時30分まで，喫煙所形態：屋外閉鎖型喫煙所","","135.491765652837","34.7035450967622","大阪市指定喫煙所"
"SORA新大阪21屋外喫煙所","大阪市淀川区西宮原2丁目1番3号（SORA新大阪21 1階）","そらしんおおさか21おくがいきつえんじょ","環境・リサイクル","大阪市指定喫煙所","","","","","","面積：17.3平方メートル，供用時間：月曜日から日曜日（祝日含む）の7時から24時15分まで，喫煙所形態：屋外開放型喫煙所","","135.49418428066","34.7349676338662","大阪市指定喫煙所"
"新阿波座公園喫煙所","大阪市西区阿波座1丁目（新阿波座公園内）","しんあわざこうえんきつえんじょ","環境・リサイクル","大阪市指定喫煙所","","","","","","面積：13.23平方メートル，供用時間：月曜日から日曜日（祝日含む）の7時から20時まで，喫煙所形態：屋外閉鎖型喫煙所","","135.495981169442","34.681188032018","大阪市指定喫煙所"
"THE TOBACCO YOTSUBASHI","大阪市西区南堀江1丁目11番1号（三共四ツ橋ビル地下1階）","ざ　たばこ　よつばし","環境・リサイクル","大阪市指定喫煙所","","","","","","面積：51.2平方メートル，供用時間：月曜日から金曜日（祝日含む）の7時から19時まで，喫煙所形態：屋内喫煙所","","135.496372297872","34.6723813861421","大阪市指定喫煙所"
"THE TOBACCO UMEDA","大阪市北区梅田1丁目3番1号（大阪駅前第1ビル1階）","ざ　たばこ　うめだ","環境・リサイクル","大阪市指定喫煙所","","","","","","面積：19.49平方メートル，供用時間：月曜日から金曜日（祝日含む）の9時から21時まで，喫煙所形態：屋内喫煙所","","135.496681913713","34.6989889810618","大阪市指定喫煙所"
"ARROW浪速店 休憩コーナー喫煙所","大阪市浪速区敷津東1丁目9番16号（ARROW浪速店内）","あろーなにわてん　きゅうけいこーなーきつえんじょ","環境・リサイクル","大阪市指定喫煙所","","","","","","面積：8.85平方メートル，供用時間：月曜日から日曜日（祝日含む）の10時から22時45分まで，喫煙所形態：屋内喫煙所","","135.497992136756","34.6587631385139","大阪市指定喫煙所"
"セビルロード喫煙所","大阪市北区梅田1丁目2番2号（大阪駅前第2ビル1階）","せびるろーどきつえんじょ","環境・リサイクル","大阪市指定喫煙所","","","","","","面積：6平方メートル，供用時間：月曜日から日曜日（祝日含む）の7時から20時まで，喫煙所形態：屋内喫煙所","","135.498198492892","34.698901844807","大阪市指定喫煙所"
"大阪木津地方卸売市場喫煙所（西側)","大阪市浪速区敷津東2丁目2番8号","おおさかきづちほうおろしうりしじょうきつえんじょ（にしがわ)","環境・リサイクル","大阪市指定喫煙所","","","","","","面積：21.6平方メートル，供用時間：月曜日から日曜日（祝日含む）終日，喫煙所形態：屋外開放型喫煙所","","135.499468043447","34.6570535160287","大阪市指定喫煙所"
"ドリンクステーション大阪駅前第４ビル１F店喫煙所","大阪市北区梅田1丁目11番4号（大阪駅前第4ビル1階）","どりんくすてーしょんおおさかえきまえだい４びる１Fてんきつえんじょ","環境・リサイクル","大阪市指定喫煙所","","","","","","面積：17.27平方メートル，供用時間：月曜日から日曜日（祝日含む）の7時から19時30分まで，喫煙所形態：屋内喫煙所","","135.499295643209","34.6998751954009","大阪市指定喫煙所"
"四海樓　本店（1F）喫煙所","大阪市中央区難波4丁目2番1号（四海樓本店内）","しかいろう　ほんてん（いっかい）きつえんじょ","環境・リサイクル","大阪市指定喫煙所","","","","","","面積：4.2平方メートル，供用時間：月曜日から日曜日（祝日含む）の10時から22時まで，喫煙所形態：屋内喫煙所","","135.499842962777","34.6664536023763","大阪市指定喫煙所"
"THE TOBACCO HIGASHIMIKUNI","大阪市淀川区東三国1丁目24番8号","ざ たばこ ひがしみくに","環境・リサイクル","大阪市指定喫煙所","","","","","","面積：20.6平方メートル，供用時間：月曜日から金曜日（祝日除く）の10時から20時まで，喫煙所形態：屋内喫煙所","","135.499954714892","34.7404688763519","大阪市指定喫煙所"
"大阪木津地方卸売市場喫煙所（北側）","大阪市浪速区敷津東2丁目2番8号","おおさかきづちほうおろしうりしじょうきつえんじょ（きたがわ）","環境・リサイクル","大阪市指定喫煙所","","","","","","面積：21.6平方メートル，供用時間：月曜日から日曜日（祝日含む）終日，喫煙所形態：屋外開放型喫煙所","","135.500507664328","34.6576606656891","大阪市指定喫煙所"
"大阪木津地方卸売市場喫煙所（東側）","大阪市浪速区敷津東2丁目2番8号","おおさかきづちほうおろしうりしじょうきつえんじょ（ひがしがわ）","環境・リサイクル","大阪市指定喫煙所","","","","","","面積：21.6平方メートル，供用時間：月曜日から日曜日（祝日含む）終日，喫煙所形態：屋外開放型喫煙所","","135.500668919011","34.6569232129857","大阪市指定喫煙所"
"なんばHIPS B1喫煙所","大阪市中央区難波1丁目8番16号（なんばHIPS 地下1階）","なんばひっぷす　B1きつえんじょ","環境・リサイクル","大阪市指定喫煙所","","","","","","面積：11.4平方メートル，供用時間：月曜日から日曜日（祝日含む）の10時から22時45分まで，喫煙所形態：屋内喫煙所","","135.500618847136","34.6678272120118","大阪市指定喫煙所"
"四海樓　HEPFIVE店喫煙所","大阪市北区角田町５番15号（四海楼HEPFIVE店内）","しかいろう　へっぷふぁいぶてんきつえんじょ","環境・リサイクル","大阪市指定喫煙所","","","","","","面積：16.82平方メートル，供用時間：月曜日から日曜日（祝日含む）の10時から22時まで，喫煙所形態：屋内喫煙所","","135.500432800341","34.7041004129174","大阪市指定喫煙所"
"四海樓梅田店（B1F）喫煙所","大阪市北区曾根崎２丁目14番17号（四海楼梅田店内）","しかいろううめだてん（ちか１かい）きつえんじょ","環境・リサイクル","大阪市指定喫煙所","","","","","","面積：8.59平方メートル，供用時間：月曜日から日曜日（祝日含む）の10時から22時まで，喫煙所形態：屋内喫煙所","","135.5005773227","34.7011843596739","大阪市指定喫煙所"
"THE TOBACCO SHINOSAKA","大阪市淀川区西中島3丁目15番16号","ざ たばこ しんおおさか","環境・リサイクル","大阪市指定喫煙所","","","","","","面積：17.69平方メートル，供用時間：月曜日から金曜日（祝日除く）の10時から20時まで，喫煙所形態：屋内喫煙所","","135.500441451282","34.7259057527579","大阪市指定喫煙所"
"マルハンなんば新館１F 喫煙室","大阪市中央区難波3丁目1番34号（マルハンなんば新館内）","まるはんなんばしんかん１Fきつえんしつ","環境・リサイクル","大阪市指定喫煙所","","","","","","面積：46.8平方メートル，供用時間：月曜日から日曜日（祝日含む）の10時から23時まで，喫煙所形態：屋内喫煙所","","135.502605474253","34.6663450800366","大阪市指定喫煙所"
"楽園なんば店喫煙所（地下１階）","大阪市中央区難波千日前12番35号","らくえんなんばてんきつえんじょ（ちか１かい）","環境・リサイクル","大阪市指定喫煙所","","","","","","面積：14.5平方メートル，供用時間：月曜日から日曜日（祝日含む）の10時から22時40分まで，喫煙所形態：屋内喫煙所","","135.502597829217","34.6651978082988","大阪市指定喫煙所"
"楽園なんば店喫煙所（１階）","大阪市中央区難波千日前12番35号","らくえんなんばてんきつえんじょ（１かい）","環境・リサイクル","大阪市指定喫煙所","","","","","","面積：4.1平方メートル，供用時間：月曜日から日曜日（祝日含む）の10時から22時40分まで，喫煙所形態：屋内喫煙所","","135.502629450239","34.6650640619835","大阪市指定喫煙所"
"楽園なんば店喫煙所（２階）","大阪市中央区難波千日前12番35号","らくえんなんばてんきつえんじょ（２かい）","環境・リサイクル","大阪市指定喫煙所","","","","","","面積：7.5平方メートル，供用時間：月曜日から日曜日（祝日含む）の10時から22時40分まで，喫煙所形態：屋内喫煙所","","135.502565787364","34.6648539791069","大阪市指定喫煙所"
"四海樓air店（2F）喫煙所","大阪市中央区千日前2丁目11番9号（四海樓air店内）","しかいろうえあーてん（２かい）きつえんじょ","環境・リサイクル","大阪市指定喫煙所","","","","","","面積：9.31平方メートル，供用時間：月曜日から日曜日（祝日含む）の10時から22時まで，喫煙所形態：屋内喫煙所","","135.502975837716","34.6654843167361","大阪市指定喫煙所"
"スロットシアター四海樓（1F）喫煙所","大阪市中央区千日前2丁目11番2号（スロットシアター四海樓店内）","すろっとしあたーしかいろう（１かい）きつえんじょ","環境・リサイクル","大阪市指定喫煙所","","","","","","面積：3.1平方メートル，供用時間：月曜日から日曜日（祝日含む）の10時から22時まで，喫煙所形態：屋内喫煙所","","135.503115182143","34.6662685431392","大阪市指定喫煙所"
"THE TOBACCO NAMBA","大阪市中央区難波千日前11番6号（なんばグランド花月内）","ざ　たばこ　なんば","環境・リサイクル","大阪市指定喫煙所","","","","","","面積：13.3平方メートル，供用時間：月曜日から日曜日（施設に準ずる）の10時から18時まで（ただし、土曜日、日曜日、祝日は9時から18時まで），喫煙所形態：屋内喫煙所","","135.503817962341","34.6647462602537","大阪市指定喫煙所"
"新大阪丸ビル別館喫煙所","大阪市東淀川区東中島1丁目18番22号（新大阪丸ビル別館1階）","しんおおさかまるびるべっかんきつえんじょ","環境・リサイクル","大阪市指定喫煙所","","","","","","面積：14.5平方メートル，供用時間：月曜日から日曜日（祝日含む）の8時から20時まで，喫煙所形態：屋外開放型喫煙所","","135.503525591426","34.7332921437502","大阪市指定喫煙所"
"三共梅田ビル喫煙所","大阪市北区堂山町1番5号","さんきょううめだびるきつえんじょ","環境・リサイクル","大阪市指定喫煙所","","","","","","面積：6.88平方メートル，供用時間：月曜日から日曜日（祝日含む）の終日，喫煙所形態：屋外開放型喫煙所","","135.504061031881","34.7024875542351","大阪市指定喫煙所"
"クリスタ長堀　占い広場喫煙所","大阪市中央区南船場2丁目長堀地下街1号（クリスタ長堀　占い広場内）","くりすたながほり　うらないひろばきつえんじょ","環境・リサイクル","大阪市指定喫煙所","","","","","","面積：5平方メートル，供用時間：月曜日から日曜日（祝日含む）の6時から23時まで，喫煙所形態：屋内喫煙所","","135.505359247877","34.675117501561","大阪市指定喫煙所"
"たばこハウス ひろたや喫煙所","大阪市浪速区恵美須東1丁目16番11号","たばこはうす　ひろたやきつえんじょ","環境・リサイクル","大阪市指定喫煙所","","","","","","面積：17平方メートル，供用時間：月曜日、火曜日、木曜日、金曜日、土曜日、日曜日（祝日含む）9時から18時まで，喫煙所形態：屋内閉鎖型喫煙所","","135.505937687369","34.6536742254648","大阪市指定喫煙所"
"P-ROOTs MANDORE喫煙所","大阪市住吉区我孫子3丁目13番16号（P-ROOTs MANDORE）","ぴーるーつまんどれきつえんじょ","環境・リサイクル","大阪市指定喫煙所","","","","","","面積：12.89平方メートル，供用時間：月曜日から日曜日（祝日含む）終日，喫煙所形態：屋外開放型喫煙所","","135.506949648416","34.6019248413205","大阪市指定喫煙所"
"扇町公園喫煙所","大阪市北区扇町1丁目1番（扇町公園内）","おうぎまちこうえんきつえんじょ","環境・リサイクル","大阪市指定喫煙所","","","","","","面積：10.96平方メートル，供用時間：月曜日から日曜日（祝日含む）の7時から20時まで，喫煙所形態：屋外閉鎖型喫煙所","","135.509079987165","34.7056430025859","大阪市指定喫煙所"
"サウスホレストビル1階駐車場車路","大阪市北区南森町１丁目４番19号 サウスホレストビル1階駐車場車路","さうすほれすとびる１かいちゅうしゃじょうしゃろ","環境・リサイクル","大阪市指定喫煙所","","","","","","面積：6.08平方メートル，供用時間：月曜日から土曜日（祝日除く）の8時から21時まで，喫煙所形態：屋内喫煙所","","135.50980957285","34.6973611082625","大阪市指定喫煙所"
"天満駅前喫煙所　※現在利用できません","JR天満駅南側","てんまえきまえきつえんじょ","環境・リサイクル","大阪市指定喫煙所","","","","","","面積：11.7平方メートル，供用時間：月曜日から日曜日（祝日含む）の8時から22時まで，喫煙所形態：屋外閉鎖型喫煙所","","135.511677965769","34.7052641904336","大阪市指定喫煙所"
"天王寺公園エントランスエリア喫煙所","大阪市天王寺区茶臼山町5番55号","てんのうじこうえんえんとらんすえりあきつえんじょ","環境・リサイクル","大阪市指定喫煙所","","","","","","面積：6.28平方メートル，供用時間：月曜日から日曜日（祝日含む）の7時から22時まで，喫煙所形態：屋内喫煙所","","135.512686522356","34.6482294079921","大阪市指定喫煙所"
"ぷらら天満喫煙所","大阪市北区池田町３番１号（ぷららてんま内）","ぷららてんまきつえんじょ","環境・リサイクル","大阪市指定喫煙所","","","","","","面積：14平方メートル，供用時間：月曜日から日曜日（祝日含む）の7時から21時まで，喫煙所形態：屋外開放型喫煙所","","135.512413838876","34.7067474095669","大阪市指定喫煙所"
"THE TOBACCO ABIKO","大阪市住吉区苅田7丁目8番12号","ざ　たばこ　あびこ","環境・リサイクル","大阪市指定喫煙所","","","","","","面積：26.8平方メートル，供用時間：月曜日から金曜日（祝日含む）の8時から19時まで，喫煙所形態：屋内喫煙所","","135.513893861164","34.5993760994794","大阪市指定喫煙所"
"四海樓アタリヤ店（2F）喫煙所","大阪市住吉区苅田5丁目14番9号（四海樓アタリヤ店内）","しかいろうあたりやてん（２かい）きつえんじょ","環境・リサイクル","大阪市指定喫煙所","","","","","","面積：4.52平方メートル，供用時間：月曜日から日曜日（祝日含む）の10時から22時まで，喫煙所形態：屋内喫煙所","","135.514224052235","34.5997854457459","大阪市指定喫煙所"
"橋本たばこ店喫煙所","大阪市中央区釣鐘町1丁目6番2号（橋本ビル1階）","はしもとたばこてんきつえんじょ","環境・リサイクル","大阪市指定喫煙所","","","","","","面積：7.55平方メートル，供用時間：月曜日から金曜日（祝日含む）の8時から19時まで，喫煙所形態：屋内喫煙所","","135.514840987563","34.6880246540615","大阪市指定喫煙所"
"高山たばこ店喫煙所","大阪市天王寺区空堀町11番20号","たかやまたばこてんきつえんじょ","環境・リサイクル","大阪市指定喫煙所","","","","","","面積：8.3平方メートル，供用時間：月曜日から金曜日（祝日除く）の7時から16時まで，土曜日（祝日除く）の7時から14時まで，喫煙所形態：屋内喫煙所","","135.527002399072","34.6739930059295","大阪市指定喫煙所"
"桃谷公園喫煙所","大阪市生野区桃谷1丁目2番（桃谷公園内）","ももだにこうえんきつえんじょ","環境・リサイクル","大阪市指定喫煙所","","","","","","面積：10.96平方メートル，供用時間：月曜日から日曜日（祝日含む）の7時から20時まで，喫煙所形態：屋外閉鎖型喫煙所","","135.529520140912","34.6603465149754","大阪市指定喫煙所"
"アミューズイチゴ店喫煙所（北西）","大阪市都島区都島本通３丁目28番10号","あみゅーずいちごてんきつえんじょ（ほくせい）","環境・リサイクル","大阪市指定喫煙所","","","","","","面積：1.62平方メートル，供用時間：月曜日から日曜日（祝日含む）の10時から22時45分まで，喫煙所形態：屋内喫煙所","","135.529716197381","34.7086693472767","大阪市指定喫煙所"
"アミューズイチゴ店喫煙所（北東）","大阪市都島区都島本通３丁目28番10号","あみゅーずいちごてんきつえんじょ（ほくとう）","環境・リサイクル","大阪市指定喫煙所","","","","","","面積：1.62平方メートル，供用時間：月曜日から日曜日（祝日含む）の10時から22時45分まで，喫煙所形態：屋内喫煙所","","135.529717943271","34.7086170405166","大阪市指定喫煙所"
"COCOLO HALL喫煙所","大阪市東住吉区駒川4丁目11番16号","こころほーるきつえんじょ","環境・リサイクル","大阪市指定喫煙所","","","","","","面積：8.5５平方メートル，供用時間：月曜日、水曜日、木曜日、金曜日、土曜日、日曜日（祝日含む）10時から18時まで，喫煙所形態：屋外閉鎖型喫煙所","","135.532196910112","34.6199731995362","大阪市指定喫煙所"
"コリアンタウン喫煙所","大阪市生野区桃谷4丁目6番7号","こりあんたうんきつえんじょ","環境・リサイクル","大阪市指定喫煙所","","","","","","面積：8平方メートル，供用時間：火曜日から日曜日（祝日含む）の９時から18時まで，喫煙所形態：屋外閉鎖型喫煙所","","135.536872948268","34.6607888746948","大阪市指定喫煙所"
"杭全町バス転回地喫煙所","大阪市東住吉区杭全1丁目14番7号（杭全町バス転回地内）","くまたちょうばすてんかいちきつえんじょ","環境・リサイクル","大阪市指定喫煙所","","","","","","面積：7.8平方メートル，供用時間：月曜日から日曜日（祝日含む）5時25分から24時まで，喫煙所形態：屋外開放型喫煙所","","135.538172797986","34.6394309963393","大阪市指定喫煙所"
"城北公園喫煙所","大阪市旭区生江3丁目29番（城北公園内）","しろきたこうえんきつえんじょ","環境・リサイクル","大阪市指定喫煙所","","","","","","面積：13.23平方メートル，供用時間：月曜日から日曜日（祝日含む）の7時から20時まで，喫煙所形態：屋外閉鎖型喫煙所","","135.53793659873","34.7283176310094","大阪市指定喫煙所"
"Precious colors smorking area","大阪市東成区中道2丁目5番10号","ぷれしゃすからーずすもーきんぐえりあ","環境・リサイクル","大阪市指定喫煙所","","","","","","面積：7.0平方メートル，供用時間：月曜日から金曜日（祝日含む）の10時から18時まで，喫煙所形態：屋内喫煙所","","135.539897404678","34.6807698339982","大阪市指定喫煙所"
"北野たばこ店喫煙所","大阪市東淀川区豊里２丁目５番１号","きたのたばこてんきつえんじょ","環境・リサイクル","大阪市指定喫煙所","","","","","","面積：6.7平方メートル、供用時間：月曜日から金曜日（祝日含む）の8時から19時まで，喫煙所形態：屋内喫煙所","","135.539869852734","34.7376755595044","大阪市指定喫煙所"
"アミューズ高殿店喫煙所（西）","大阪市旭区高殿４丁目３番32号","あみゅーずたかどのてんきつえんじょ（にし）","環境・リサイクル","大阪市指定喫煙所","","","","","","面積：1.62平方メートル，供用時間：月曜日から日曜日（祝日含む）の10時から22時45分まで，喫煙所形態：屋内喫煙所","","135.54181568586","34.7131078019525","大阪市指定喫煙所"
"アミューズ高殿店喫煙所（東）","大阪市旭区高殿４丁目３番32号","あみゅーずたかどのてんきつえんじょ（ひがし）","環境・リサイクル","大阪市指定喫煙所","","","","","","面積：5.34平方メートル，供用時間：月曜日から日曜日（祝日含む）の10時から22時45分まで，喫煙所形態：屋内喫煙所","","135.541988705802","34.7134082005135","大阪市指定喫煙所"
"アミューズ城東店喫煙所","大阪市城東区中央１丁目９番23号","あみゅーずじょうとうてんきつえんじょ","環境・リサイクル","大阪市指定喫煙所","","","","","","面積：6.6平方メートル，供用時間：月曜日から日曜日（祝日含む）の10時から22時45分まで，喫煙所形態：屋内喫煙所","","135.545359608918","34.7005939621291","大阪市指定喫煙所"
"アミューズ関目店喫煙所","大阪市城東区関目３丁目16番６号","あみゅーずせきめてんきつえんじょ","環境・リサイクル","大阪市指定喫煙所","","","","","","面積：3.24平方メートル，供用時間：月曜日から日曜日（祝日含む）の10時から22時45分まで，喫煙所形態：屋内喫煙所","","135.548980545619","34.7117589046195","大阪市指定喫煙所"
"THE TOBACCO KIREURIWARI","大阪市平野区瓜破2丁目1番17号（WITHビル1階）","ざ　たばこ　きれうりわり","環境・リサイクル","大阪市指定喫煙所","","","","","","面積：10.89平方メートル，供用時間：月曜日から金曜日（祝日含む）の9時から18時まで，喫煙所形態：屋内喫煙所","","135.552198242943","34.6090298860385","大阪市指定喫煙所"
"街にポイステやめて！喫煙所","大阪市平野区平野本町4丁目1番4号","まちにぽいすてやめて！きつえんじょ","環境・リサイクル","大阪市指定喫煙所","","","","","","面積：16.75平方メートル，供用時間：月曜日、火曜日、水曜日、金曜日、土曜日（祝日含む）10時から18時まで，喫煙所形態：屋内閉鎖型喫煙所","","135.552401234187","34.6238455740441","大阪市指定喫煙所"
"コタニホーム喫煙所","大阪市平野区平野東1丁目8番20号","こたにほーむきつえんじょ","環境・リサイクル","大阪市指定喫煙所","","","","","","面積：7.5平方メートル，供用時間：月曜日、火曜日、木曜日、金曜日、土曜日、日曜日（祝日除く）の9時から18時まで，喫煙所形態：屋外閉鎖型喫煙所","","135.560254657937","34.6240450105664","大阪市指定喫煙所"
"キコーナ喜連瓜破インター店喫煙所","大阪市平野区瓜破西１丁目８番26号","きこーなきれうりわりいんたーてんきつえんじょ","環境・リサイクル","大阪市指定喫煙所","","","","","","面積：6.08平方メートル，供用時間：月曜日から日曜日（祝日含む）の10時から22時30分まで，喫煙所形態：屋内喫煙所","","135.548674043149","34.6086248744338","大阪市指定喫煙所"
"キコーナ昭和町店喫煙所","大阪市阿倍野区昭和町１丁目８番４号","きこーなしょうわちょうてんきつえんじょ","環境・リサイクル","大阪市指定喫煙所","","","","","","面積：5.88平方メートル，供用時間：月曜日から日曜日（祝日含む）の10時から22時45分まで，喫煙所形態：屋内喫煙所","","135.517601096085","34.6342133110977","大阪市指定喫煙所"
"キコーナ喜連瓜破店喫煙所","大阪市平野区瓜破２丁目１番８号","きこーなきれうりわりてんきつえんじょ","環境・リサイクル","大阪市指定喫煙所","","","","","","面積：2.6平方メートル，供用時間：月曜日から日曜日（祝日含む）の10時から23時まで，喫煙所形態：屋内喫煙所","","135.55109282219","34.6088104448353","大阪市指定喫煙所"
"キコーナ津守店喫煙所","大阪市西成区津守１丁目９番５号","きこーなつもりてんきつえんじょ","環境・リサイクル","大阪市指定喫煙所","","","","","","面積：7.83平方メートル，供用時間：月曜日から日曜日（祝日含む）の10時から22時40分まで，喫煙所形態：屋内喫煙所","","135.484724234278","34.6467564047111","大阪市指定喫煙所"
"キコーナ海老江店喫煙所","大阪市福島区海老江３丁目23番３号","きこーなえびえてんきつえんじょ","環境・リサイクル","大阪市指定喫煙所","","","","","","面積：8.71平方メートル，供用時間：月曜日から日曜日（祝日含む）の10時から22時45分まで，喫煙所形態：屋内喫煙所","","135.475339486166","34.7021290040394","大阪市指定喫煙所"
"ルクソール喫煙所","大阪市北区梅田１丁目２番２号（大阪駅前第２ビル地下１階）","るくそーるきつえんじょ","環境・リサイクル","大阪市指定喫煙所","","","","","","面積：10.75平方メートル，供用時間：月曜日から日曜日（祝日含む）の10時から22時45分まで，喫煙所形態：屋内喫煙所","","135.497531316183","34.6987055261287","大阪市指定喫煙所"
"パーラーレクサス淡路店喫煙所","大阪市東淀川区淡路４丁目12番４号","ぱーらーれくさすあわじてんきつえんじょ","環境・リサイクル","大阪市指定喫煙所","","","","","","面積：3.6平方メートル，供用時間：月曜日から日曜日（祝日含む）の10時から22時45分まで，喫煙所形態：屋内喫煙所","","135.516172172278","34.7402287174625","大阪市指定喫煙所"
"キコーナ西淡路店喫煙所","大阪市東淀川区西淡路６丁目４番120号","きこーなにしあわじてんきつえんじょ","環境・リサイクル","大阪市指定喫煙所","","","","","","面積：11.4平方メートル，供用時間：月曜日から日曜日（祝日含む）の10時から22時30分まで（月・木で11時からの営業日あり），喫煙所形態：屋内喫煙所","","135.515684215183","34.7447885715943","大阪市指定喫煙所"
"キコーナ阪急三国店喫煙所","大阪市淀川区三国本町３丁目37番１号","きこーなはんきゅうみくにてんきつえんじょ","環境・リサイクル","大阪市指定喫煙所","","","","","","面積：3.59平方メートル，供用時間：月曜日から日曜日（祝日含む）の10時から22時40分まで，喫煙所形態：屋内喫煙所","","135.483178366095","34.7370309299375","大阪市指定喫煙所"
"キコーナ今里店喫煙所","大阪市生野区新今里４丁目12番18号","きこーないまざとてんきつえんじょ","環境・リサイクル","大阪市指定喫煙所","","","","","","面積：3.4平方メートル，供用時間：月曜日から日曜日（祝日含む）の10時から22時40分まで，喫煙所形態：屋内喫煙所","","135.548898726718","34.6622491553959","大阪市指定喫煙所"
"DERDE喫煙所","大阪市東成区東中本１丁目13番３号","でるできつえんじょ","環境・リサイクル","大阪市指定喫煙所","","","","","","面積：2.1平方メートル，供用時間：月曜日から日曜日（祝日含む）の10時から22時45分まで，喫煙所形態：屋内喫煙所","","135.54494986239","34.6810760004223","大阪市指定喫煙所"
"マジックバード鶴見喫煙所（北）","大阪市鶴見区鶴見１丁目６番136号","まじっくばーどつるみきつえんじょ（きた）","環境・リサイクル","大阪市指定喫煙所","","","","","","面積：2平方メートル，供用時間：月曜日から日曜日（祝日含む）の10時から22時40分まで，喫煙所形態：屋内喫煙所","","135.564562638564","34.6966587079706","大阪市指定喫煙所"
"マジックバード鶴見喫煙所（南）","大阪市鶴見区鶴見１丁目６番136号","まじっくばーどつるみきつえんじょ（みなみ）","環境・リサイクル","大阪市指定喫煙所","","","","","","面積：3.45平方メートル，供用時間：月曜日から日曜日（祝日含む）の10時から22時40分まで，喫煙所形態：屋内喫煙所","","135.564517230048","34.6964714843106","大阪市指定喫煙所"
"マルハン今福店喫煙所","大阪市城東区今福南４丁目３番７号","まるはんいまふくてんきつえんじょ","環境・リサイクル","大阪市指定喫煙所","","","","","","面積：3平方メートル，供用時間：月曜日から日曜日（祝日含む）の10時から22時40分まで，喫煙所形態：屋内喫煙所","","135.555628837842","34.6980187661595","大阪市指定喫煙所"
"POWER　RUSH　不夜城喫煙所","大阪市浪速区恵美須西１丁目２番７号","ぱわーらっしゅふやじょうきつえんじょ","環境・リサイクル","大阪市指定喫煙所","","","","","","面積：2.38平方メートル，供用時間：月曜日から日曜日（祝日含む）の10時から22時40分まで，喫煙所形態：屋内喫煙所","","135.505124251218","34.6548971169635","大阪市指定喫煙所"
"テキサス此花喫煙所（B１F）","大阪市此花区梅香１丁目18番10号","てきさすこのはなきつえんじょ（ちか１かい）","環境・リサイクル","大阪市指定喫煙所","","","","","","面積：10平方メートル，供用時間：月曜日から日曜日（祝日含む）の10時から22時30分まで，喫煙所形態：屋内喫煙所","","135.458482225727","34.683570425349","大阪市指定喫煙所"
"テキサス此花喫煙所（１F）","大阪市此花区梅香１丁目18番10号","てきさすこのはなきつえんじょ（１かい）","環境・リサイクル","大阪市指定喫煙所","","","","","","面積：10平方メートル，供用時間：月曜日から日曜日（祝日含む）の10時から22時30分まで，喫煙所形態：屋内喫煙所","","135.458427602053","34.6835791977171","大阪市指定喫煙所"
"マルハン此花島屋店喫煙所","大阪市此花区島屋３丁目８番14号","まるはんこのはなしまやてんきつえんじょ","環境・リサイクル","大阪市指定喫煙所","","","","","","面積：3.26平方メートル，供用時間：月曜日から日曜日（祝日含む）の10時から22時40分まで，喫煙所形態：屋内喫煙所","","135.443263893323","34.6758457896619","大阪市指定喫煙所"
"アミューズ南住吉店喫煙所","大阪市住吉区南住吉１丁目22番14号","あみゅーずみなみすみよしてんきつえんじょ","環境・リサイクル","大阪市指定喫煙所","","","","","","面積：4.19平方メートル，供用時間：月曜日から日曜日（祝日含む）の10時から22時45分まで，喫煙所形態：屋内喫煙所","","135.502138111716","34.6095189698299","大阪市指定喫煙所"
"堂島ニ丁目喫煙所","大阪市北区堂島２丁目１番14号","どうじまにちょうめきつえんじょ","環境・リサイクル","大阪市指定喫煙所","","","","","","面積：7.5平方メートル，供用時間：月曜日から金曜日（祝日含む）の７時から19時まで，喫煙所形態：屋内喫煙所","","135.494039730475","34.6956067016372","大阪市指定喫煙所"
"けむスポット昭和町喫煙所","大阪市阿倍野区昭和町１丁目７番26号","けむすぽっとしょうわちょうきつえんじょ","環境・リサイクル","大阪市指定喫煙所","","","","","","面積：7.53平方メートル，供用時間：月曜日から土曜日（祝日除く）の10時から18時まで，喫煙所形態：屋内喫煙所","","135.518514281832","34.6341003579272","大阪市指定喫煙所"
"123千林店喫煙所","大阪市旭区千林２丁目13番24号","１２３せんばやしてんきつえんじょ","環境・リサイクル","大阪市指定喫煙所","","","","","","面積：5.35平方メートル，供用時間：月曜日から日曜日（祝日含む）の10時から22時30分まで，喫煙所形態：屋外開放型喫煙所","","135.553164907151","34.7248992572984","大阪市指定喫煙所"
"123駒川店喫煙所","大阪市東住吉区駒川４丁目１番１号","１２３こまがわてんきつえんじょ","環境・リサイクル","大阪市指定喫煙所","","","","","","面積：4.48平方メートル，供用時間：月曜日から日曜日（祝日含む）の10時から22時30分まで，喫煙所形態：屋外開放型喫煙所","","135.53030691739","34.6214425136139","大阪市指定喫煙所"
"123鶴橋店喫煙所","大阪市東成区玉津３丁目12番３号","１２３つるはしてんきつえんじょ","環境・リサイクル","大阪市指定喫煙所","","","","","","面積：3.25平方メートル，供用時間：月曜日から日曜日（祝日含む）の10時から22時30分まで，喫煙所形態：屋外開放型喫煙所","","135.534385641869","34.6656425122981","大阪市指定喫煙所"
"123＋N大阪本店ビル喫煙所","大阪市北区兎我野町16番11号","１２３＋えぬおおさかほんてんびるきつえんじょ","環境・リサイクル","大阪市指定喫煙所","","","","","","面積：5.58平方メートル，供用時間：月曜日から日曜日（祝日含む）の10時から22時30分まで，喫煙所形態：屋外開放型喫煙所","","135.502604841463","34.7005920023247","大阪市指定喫煙所"
"123玉出店喫煙所","大阪市西成区玉出中２丁目５番１号","１２３たまでてんきつえんじょ","環境・リサイクル","大阪市指定喫煙所","","","","","","面積：3.09平方メートル，供用時間：月曜日から日曜日（祝日含む）の10時から22時30分まで，喫煙所形態：屋外開放型喫煙所","","135.491152845304","34.6260279505375","大阪市指定喫煙所"
"丸勝モータープール屋外喫煙所","大阪市住之江区新北島３丁目１番13号","まるかつもーたーぷーるおくがいきつえんじょ","環境・リサイクル","大阪市指定喫煙所","","","","","","面積：4.4平方メートル，供用時間：月曜日から金曜日（祝日除く）の９時から18時まで，喫煙所形態：屋外閉鎖型喫煙所","","135.47018084059","34.6092583029137","大阪市指定喫煙所"
"トキワパーキング屋外喫煙所","大阪市住吉区苅田７丁目12番27号","ときわぱーきんぐおくがいきつえんじょ","環境・リサイクル","大阪市指定喫煙所","","","","","","面積：7.2平方メートル，供用時間：月曜日から土曜日（祝日除く）の８時から18時まで，喫煙所形態：屋外閉鎖型喫煙所","","135.512940819637","34.5985815195867","大阪市指定喫煙所"
"プラチナム５喫煙所","大阪市阿倍野区阿倍野筋１丁目１番61号","ぷらちなむ５きつえんじょ","環境・リサイクル","大阪市指定喫煙所","","","","","","面積：1.72平方メートル，供用時間：月曜日から日曜日（祝日含む）の10時から22時40分まで，喫煙所形態：屋内喫煙所","","135.515293204684","34.6459329250897","大阪市指定喫煙所"
"パチンコマルハンなんば店１階喫煙所（エスカレーター横)","大阪市中央区千日前２丁目11番５号　１階","ぱちんこまるはんなんばてん１かいきつえんじょ（えすかれーたーよこ)","環境・リサイクル","大阪市指定喫煙所","","","","","","面積：4.35平方メートル，供用時間：月曜日から日曜日（祝日含む）の10時から22時40分まで，喫煙所形態：屋内喫煙所","","135.503038775138","34.6658300495168","大阪市指定喫煙所"
"パチンコマルハンなんば店１階喫煙所（東)","大阪市中央区千日前２丁目11番５号　１階","ぱちんこまるはんなんばてん１かいきつえんじょ（ひがし)","環境・リサイクル","大阪市指定喫煙所","","","","","","面積：8.3平方メートル，供用時間：月曜日から日曜日（祝日含む）の10時から22時40分まで，喫煙所形態：屋内喫煙所","","135.503180224828","34.6658959855835","大阪市指定喫煙所"
"パチンコマルハンなんば店２階喫煙所（エスカレーター横)","大阪市中央区千日前２丁目11番５号　２階","ぱちんこまるはんなんばてん２かいきつえんじょ（えすかれーたーよこ)","環境・リサイクル","大阪市指定喫煙所","","","","","","面積：9.25平方メートル，供用時間：月曜日から日曜日（祝日含む）の10時から22時40分まで，喫煙所形態：屋内喫煙所","","135.503104441525","34.665796511407","大阪市指定喫煙所"
"パチンコマルハンなんば店２階喫煙所（西)","大阪市中央区千日前２丁目11番５号　２階","ぱちんこまるはんなんばてん２かいきつえんじょ（にし)","環境・リサイクル","大阪市指定喫煙所","","","","","","面積：6.55平方メートル，供用時間：月曜日から日曜日（祝日含む）の10時から22時40分まで，喫煙所形態：屋内喫煙所","","135.502885688037","34.6658857698404","大阪市指定喫煙所"
"スロットマルハンなんば店地下１階喫煙所","大阪市中央区千日前２丁目11番５号　地下１階","すろっとまるはんなんばてんちか１かいきつえんじょ","環境・リサイクル","大阪市指定喫煙所","","","","","","面積：8.85平方メートル，供用時間：月曜日から日曜日（祝日含む）の10時から22時40分まで，喫煙所形態：屋内喫煙所","","135.502829012289","34.6657841196266","大阪市指定喫煙所"
"スロットマルハンなんば店地下２階喫煙所（西)","大阪市中央区千日前２丁目11番５号　地下２階","すろっとまるはんなんばてんちか２かいきつえんじょ（にし)","環境・リサイクル","大阪市指定喫煙所","","","","","","面積：11.51平方メートル，供用時間：月曜日から日曜日（祝日含む）の10時から22時40分まで，喫煙所形態：屋内喫煙所","","135.502853723087","34.6657571750601","大阪市指定喫煙所"
"スロットマルハンなんば店地下２階喫煙所（東)","大阪市中央区千日前２丁目11番５号　地下２階","すろっとまるはんなんばてんちか２かいきつえんじょ（ひがし)","環境・リサイクル","大阪市指定喫煙所","","","","","","面積：1.75平方メートル，供用時間：月曜日から日曜日（祝日含む）の10時から22時40分まで，喫煙所形態：屋内喫煙所","","135.503182898724","34.6659050115915","大阪市指定喫煙所"
"キョーイチなんば店地下１階喫煙所","大阪市中央区千日前２丁目10番１号　エスカールなんば地下１階","きょーいちなんばてんちか１かいきつえんじょ","環境・リサイクル","大阪市指定喫煙所","","","","","","面積：3.6平方メートル，供用時間：月曜日から日曜日（祝日含む）の10時から23時まで，喫煙所形態：屋内喫煙所","","135.502343380486","34.6665768995947","大阪市指定喫煙所"
"キョーイチなんば店地下２階喫煙所","大阪市中央区千日前２丁目10番１号　エスカールなんば地下２階","きょーいちなんばてんちか２かいきつえんじょ","環境・リサイクル","大阪市指定喫煙所","","","","","","面積：19.63平方メートル，供用時間：月曜日から日曜日（祝日含む）の10時から23時まで，喫煙所形態：屋内喫煙所","","135.502705210366","34.6667383924618","大阪市指定喫煙所"
"キョーイチミナミ店喫煙所（１階北）","大阪市中央区難波千日前12番３号","きょーいちみなみてんきつえんじょ（１かいきた）","環境・リサイクル","大阪市指定喫煙所","","","","","","面積：2.88平方メートル，供用時間：月曜日から日曜日（祝日含む）の10時から23時まで，喫煙所形態：屋内喫煙所","","135.502979508502","34.6652253834195","大阪市指定喫煙所"
"キョーイチミナミ店喫煙所（１階南）","大阪市中央区難波千日前12番３号","きょーいちみなみてんきつえんじょ（１かいみなみ）","環境・リサイクル","大阪市指定喫煙所","","","","","","面積：2.16平方メートル，供用時間：月曜日から日曜日（祝日含む）の10時から23時まで，喫煙所形態：屋内喫煙所","","135.503032376962","34.6650509320339","大阪市指定喫煙所"
"キョーイチミナミ店喫煙所（２階北）","大阪市中央区難波千日前12番３号","きょーいちみなみてんきつえんじょ（２かいきた）","環境・リサイクル","大阪市指定喫煙所","","","","","","面積：1.44平方メートル，供用時間：月曜日から日曜日（祝日含む）の10時から23時まで，喫煙所形態：屋内喫煙所","","135.502958633718","34.6652951645362","大阪市指定喫煙所"
"キョーイチミナミ店喫煙所（２階南）","大阪市中央区難波千日前12番３号","きょーいちみなみてんきつえんじょ（２かいみなみ）","環境・リサイクル","大阪市指定喫煙所","","","","","","面積：1.44平方メートル，供用時間：月曜日から日曜日（祝日含む）の10時から23時まで，喫煙所形態：屋内喫煙所","","135.503078942349","34.6650184420556","大阪市指定喫煙所"
"マルハン北加賀屋店喫煙所（北西）","大阪市住之江区北加賀屋５丁目５番72号","まるはんきたかがやきつえんじょ（ほくせい）","環境・リサイクル","大阪市指定喫煙所","","","","","","面積：2.4平方メートル，供用時間：月曜日から日曜日（祝日含む）の10時から23時まで，喫煙所形態：屋内喫煙所","","135.472128073909","34.6238419025467","大阪市指定喫煙所"
"マルハン北加賀屋店喫煙所（北東）","大阪市住之江区北加賀屋５丁目５番72号","まるはんきたかがやきつえんじょ（ほくとう）","環境・リサイクル","大阪市指定喫煙所","","","","","","面積：2.4平方メートル，供用時間：月曜日から日曜日（祝日含む）の10時から23時まで，喫煙所形態：屋内喫煙所","","135.472596642694","34.6239000478187","大阪市指定喫煙所"
"マルハン北加賀屋店喫煙所（南東）","大阪市住之江区北加賀屋５丁目５番72号","まるはんきたかがやきつえんじょ（なんとう）","環境・リサイクル","大阪市指定喫煙所","","","","","","面積：2.4平方メートル，供用時間：月曜日から日曜日（祝日含む）の10時から23時まで，喫煙所形態：屋内喫煙所","","135.472626814366","34.6236558692841","大阪市指定喫煙所"
"テキサス大正喫煙所","大阪市大正区千島３丁目５番22号","てきさすたいしょうきつえんじょ","環境・リサイクル","大阪市指定喫煙所","","","","","","面積：21.42平方メートル，供用時間：月曜日から日曜日（祝日含む）の10時から22時30分まで，喫煙所形態：屋内喫煙所","","135.471235004346","34.6520294755957","大阪市指定喫煙所"
"ウエスト大正喫煙所","大阪市大正区平尾１丁目５番１号","うえすとたいしょうきつえんじょ","環境・リサイクル","大阪市指定喫煙所","","","","","","面積：9.12平方メートル，供用時間：月曜日から日曜日（祝日含む）の10時から22時30分まで，喫煙所形態：屋内喫煙所","","135.476291246324","34.640718807994","大阪市指定喫煙所"
"ホワイティうめだ（ノースモール２）喫煙室","大阪市北区小松原町梅田地下街（ホワイティうめだ内）","ほわいてぃうめだ（のーすもーる２）きつえんしつ","環境・リサイクル","情報提供登録喫煙所","","","https://whity.osaka-chikagai.jp/","","","面積等：3.2㎡，喫煙できるたばこ：紙巻き、加熱式，開業時間：月～日　5:30～22:50
（休業日）２か月毎１日、１月１日，喫煙所のみの利用：不可（店舗利用必要）","","135.499945440432","34.7029846940613","情報提供喫煙所"
"ホワイティうめだ（NOMOKA）喫煙室","大阪市北区小松原町梅田地下街（ホワイティうめだ内）","ほわいてぃうめだ（のもか）きつえんしつ","環境・リサイクル","情報提供登録喫煙所","","","https://whity.osaka-chikagai.jp/","","","面積等：7.18㎡，喫煙できるたばこ：紙巻き、加熱式，開業時間：月～日　5:30～23:30
（休業日）２か月毎１日、１月１日，喫煙所のみの利用：不可（店舗利用必要）","","135.501650278112","34.7026581229012","情報提供喫煙所"
"ホワイティうめだ（泉の広場）喫煙室","大阪市北区小松原町梅田地下街（ホワイティうめだ内）","ほわいてぃうめだ（いずみのひろば）きつえんしつ","環境・リサイクル","情報提供登録喫煙所","","","https://whity.osaka-chikagai.jp/","","","面積等：6.64㎡，喫煙できるたばこ：紙巻き、加熱式，開業時間：月～日　5:30～23:30
（休業日）２か月毎１日、１月１日，喫煙所のみの利用：不可（店舗利用必要）","","135.50213940992","34.7020944310462","情報提供喫煙所"
"ドーチカ喫煙室","大阪市北区堂島1丁目（ドーチカ内）","どーちかきつえんしつ","環境・リサイクル","情報提供登録喫煙所","","","https://dotica.osaka-chikagai.jp/","","","面積等：4.76㎡，喫煙できるたばこ：紙巻き、加熱式，開業時間：月～日　5:30～22:00
（休業日）毎月第３日曜日（12月除く）、１月１日，喫煙所のみの利用：不可（店舗利用必要）","","135.495551156879","34.6964009721809","情報提供喫煙所"
"なんばウォーク１番街喫煙室","大阪市中央区千日前（なんばウォーク1番街内）","なんばうぉーく１ばんがいきつえんしつ","環境・リサイクル","情報提供登録喫煙所","","","https://walk.osaka-chikagai.jp/","","","面積等：5.1㎡，喫煙できるたばこ：紙巻き、加熱式，開業時間：月～日　7:30～22:15
（休業日）２か月毎１日、１月１日，喫煙所のみの利用：不可（店舗利用必要）","","135.498373889229","34.6673556007043","情報提供喫煙所"
"なんばウォーク３番街喫煙室","大阪市中央区千日前（なんばウォーク3番街内）","なんばうぉーく３ばんがいきつえんしつ","環境・リサイクル","情報提供登録喫煙所","","","https://walk.osaka-chikagai.jp/","","","面積等：20.51㎡，喫煙できるたばこ：紙巻き、加熱式，開業時間：月～日　7:30～22:15
（休業日）２か月毎１日、１月１日，喫煙所のみの利用：不可（店舗利用必要）","","135.505787858006","34.6671605023641","情報提供喫煙所"
"NAMBAなんなん喫煙室","大阪市中央区難波5丁目（NAMBAなんなん内）","なんばなんなんきつえんしつ","環境・リサイクル","情報提供登録喫煙所","","","https://nannan.osaka-chikagai.jp/","","","面積等：3.65㎡，喫煙できるたばこ：紙巻き、加熱式，開業時間：月～日　7:45～23:00
（休業日）２か月毎１日、１月１日，喫煙所のみの利用：不可（店舗利用必要）","","135.501764279947","34.6649811143368","情報提供喫煙所"
"あべちか喫煙室","大阪市天王寺区堀越町アベノ地下街（あべちか内）","あべちかきつえんしつ","環境・リサイクル","情報提供登録喫煙所","","","https://avetika.osaka-chikagai.jp/","","","面積等：3.2㎡，喫煙できるたばこ：紙巻き、加熱式，開業時間：月～日　10:00～22:50
（休業日）２か月毎１日、１月１日，喫煙所のみの利用：不可（店舗利用必要）","","135.513139764239","34.647446816233","情報提供喫煙所"
"ポートタウンショッピングセンター喫煙所","大阪市住之江区南港中２丁目１番109号","ぽーとたうんしょっぴんぐせんたーきつえんじょ","環境・リサイクル","大阪市指定喫煙所","","","","","","面積：25.28平方メートル，供用時間：月曜日から日曜日（祝日含む）の10時から20時まで，喫煙所形態：屋内喫煙所","","135.427361850854","34.6314439147291","大阪市指定喫煙所"
"ATCビルITM棟２F東　屋外喫煙スペース","大阪市住之江区南港北２丁目１番10号","えーてぃしーびるあいてぃえむとう２Fひがし　おくがいきつえんすぺーす","環境・リサイクル","大阪市指定喫煙所","","","","","","面積：42平方メートル，供用時間：月曜日から日曜日（祝日含む）終日，喫煙所形態：屋外開放型喫煙所","","135.411667133592","34.6387090938831","大阪市指定喫煙所"
"ホテルニッセイ大阪市指定喫煙所","大阪市中央区難波千日前４番31号","ほてるにっせいおおさかししていきつえんじょ","環境・リサイクル","大阪市指定喫煙所","","","","","","面積：1.68平方メートル，供用時間：月曜日から日曜日（祝日含む）の６時から23時まで，喫煙所形態：屋外閉鎖型喫煙所","","135.504756546933","34.6645881813056","大阪市指定喫煙所"
"堂山東喫煙所","大阪市北区堂山町12番16号","どうやまひがしきつえんじょ","環境・リサイクル","大阪市指定喫煙所","","","","","","面積：6平方メートル，供用時間：月曜日から土曜日（祝日除く）の10時から21時まで，喫煙所形態：屋内喫煙所","","135.504621385417","34.7038923167981","大阪市指定喫煙所"
"ちん電東粉浜喫煙所","大阪市住吉区東粉浜２丁目22番９号","ちんでんひがしこはまきつえんじょ","環境・リサイクル","大阪市指定喫煙所","","","","","","面積：1.9平方メートル，供用時間：月曜日、火曜日、金曜日、土曜日、日曜日（祝日含む）の13時から23時まで，喫煙所形態：屋外閉鎖型喫煙所","","135.49252331905","34.6183565173834","大阪市指定喫煙所"
"堂島公園喫煙所","大阪市北区堂島浜１丁目","どうじまこうえんきつえんじょ","環境・リサイクル","大阪市指定喫煙所","","","","","","面積：約13平方メートル，供用時間：月曜日から日曜日（祝日含む）の8時から20時まで，喫煙所形態：屋外閉鎖型喫煙所","","135.500523498999","34.69536054202","大阪市指定喫煙所"
"京橋駅前広場喫煙所","大阪市都島区東野田２丁目","きょうばしえきまえひろばきつえんじょ","環境・リサイクル","大阪市指定喫煙所","","","","","","面積：約40平方メートル，供用時間：月曜日から日曜日（祝日含む）の終日，喫煙所形態：屋外開放型喫煙所","","135.533333960996","34.6978571222759","大阪市指定喫煙所"
"三休橋喫煙所","大阪市中央区南船場３丁目","さんきゅうばしきつえんじょ","環境・リサイクル","大阪市指定喫煙所","","","","","","面積：約37平方メートル，供用時間：月曜日から日曜日（祝日含む）の終日，喫煙所形態：屋外開放型喫煙所","","135.50314009164","34.6751103382094","大阪市指定喫煙所"
"なんば喫煙所","大阪市中央区難波５丁目","なんばきつえんじょ","環境・リサイクル","大阪市指定喫煙所","","","","","","面積：約45平方メートル，供用時間：月曜日から日曜日（祝日含む）の7時から23時まで，喫煙所形態：屋外閉鎖型喫煙所（加熱式たばこ専用と紙巻たばこ専用のエリアを分けたハイブリッド型喫煙所）","","135.500607492101","34.6650807484531","大阪市指定喫煙所"
"天王寺駅公園口喫煙所","大阪市天王寺区悲田院町10番","てんのうじえきこうえんぐちきつえんじょ","環境・リサイクル","大阪市指定喫煙所","","","","","","面積：約42平方メートル，供用時間：月曜日から日曜日（祝日含む）の終日，喫煙所形態：屋外開放型喫煙所","","135.513422244817","34.6476576692943","大阪市指定喫煙所"
"阿倍野喫煙所","大阪市阿倍野区阿倍野筋４丁目","あべのきつえんじょ","環境・リサイクル","大阪市指定喫煙所","","","","","","面積：約20平方メートル，供用時間：月曜日から日曜日（祝日含む）の終日，喫煙所形態：屋外開放型喫煙所","","135.511865149046","34.6410835210447","大阪市指定喫煙所"
"阿倍野歩道橋下西側喫煙所","大阪市阿倍野区阿倍野筋１丁目","あべのほどうきょうしたにしがわきつえんじょ","環境・リサイクル","大阪市指定喫煙所","","","","","","面積：約29平方メートル，供用時間：月曜日から日曜日（祝日含む）の終日，喫煙所形態：屋外開放型喫煙所","","135.512665925248","34.646525537509","大阪市指定喫煙所"
"針中野駅前喫煙所","大阪市東住吉区針中野３丁目１番21号","はりなかのえきまえきつえんじょ","環境・リサイクル","大阪市指定喫煙所","","","","","","面積：16.98平方メートル，供用時間：月曜日から金曜日（祝日除く）の９時から17時まで，喫煙所形態：屋内喫煙所","","135.533442168081","34.617782968662","大阪市指定喫煙所"
"トミー壱番館喫煙所","大阪市住之江区粉浜３丁目11番11号","とみーいちばんかんきつえんじょ","環境・リサイクル","大阪市指定喫煙所","","","","","","面積：10.35平方メートル，供用時間：月曜日から日曜日（祝日含む）の９時から17時まで，喫煙所形態：屋外閉鎖型喫煙所","","135.488724944069","34.614741154845","大阪市指定喫煙所"
"THE TOBACCO KYOBASHI WEST","大阪市都島区都島南通２丁目14番８号","ざ　たばこ　きょうばし　うえすと","環境・リサイクル","大阪市指定喫煙所","","","","","","面積：28.9平方メートル，供用時間：月曜日から金曜日（祝日含む）の10時から20時まで，喫煙所形態：屋内喫煙所","","135.535241607447","34.7021817523665","大阪市指定喫煙所"
"西天下茶屋駅前喫煙所","大阪市西成区橘３丁目６番12号","にしてんがちゃやえきまえきつえんじょ","環境・リサイクル","大阪市指定喫煙所","","","","","","面積：11.5平方メートル，供用時間：月曜日から日曜日（祝日除く）の８時30分から23時まで，喫煙所形態：屋内喫煙所","","135.489090489142","34.6390410998561","大阪市指定喫煙所"
"うえほんまちハイハイタウン屋内喫煙所","大阪市天王寺区上本町６丁目３番31号","うえほんまちはいはいたうんおくないきつえんじょ","環境・リサイクル","大阪市指定喫煙所","","","","","","面積：4.72平方メートル，供用時間：月曜日から日曜日（祝日含む）の９時から22時45分まで，喫煙所形態：屋内喫煙所","","135.518170967244","34.6657170316396","大阪市指定喫煙所"
"海遊館公共喫煙所","大阪市港区海岸通１丁目１番10号 １階","かいゆうかんこうきょうきつえんじょ","環境・リサイクル","大阪市指定喫煙所","","","","","","面積：6.61平方メートル，供用時間：月曜日から日曜日（祝日含む）の８時から22時まで，喫煙所形態：屋外開放型喫煙所","","135.429358087089","34.6555293649219","大阪市指定喫煙所"
"鷹合喫煙所","大阪市東住吉区鷹合４丁目13番22号","たかあいきつえんじょ","環境・リサイクル","大阪市指定喫煙所","","","","","","面積：4.55平方メートル，供用時間：月曜日から金曜日（祝日除く）の９時から17時まで，喫煙所形態：屋内喫煙所","","135.532002660643","34.6094621957225","大阪市指定喫煙所"
"東小橋商店街公共喫煙所","大阪市東成区東小橋３丁目18番８号","ひがしおばせしょうてんがいこうきょうきつえんじょ","環境・リサイクル","大阪市指定喫煙所","","","","","","面積：1.19平方メートル，供用時間：月曜日、火曜日、木曜日、金曜日、土曜日、日曜日（祝日含む）の10時30分から18時30分まで，喫煙所形態：屋内喫煙所","","135.532703494332","34.6657591949975","大阪市指定喫煙所"
"さんぽみち喫煙所","大阪市平野区平野宮町１丁目６番１号","さんぽみちきつえんじょ","環境・リサイクル","大阪市指定喫煙所","","","","","","面積：19.81平方メートル，供用時間：月曜日から日曜日（祝日含む）の10時から20時まで，喫煙所形態：屋内喫煙所","","135.55274364086","34.6294747953945","大阪市指定喫煙所"
"パーラーメトロＪＲ今宮駅店喫煙所","大阪市浪速区大国３丁目１番26号　ＪＲ今宮駅構内","ぱーらーめとろじぇいあーるいまみやえきてんきつえんじょ","環境・リサイクル","大阪市指定喫煙所","","","","","","面積：2平方メートル，供用時間：月曜日から日曜日（祝日含む）の10時から22時40分まで，喫煙所形態：屋内喫煙所","","135.493182890746","34.6541042904702","大阪市指定喫煙所"
"エムイーロッソＪＲ今宮駅前店喫煙所","大阪市浪速区大国３丁目13番20号","えむいーろっそじぇいあーるいまみやえきまえてんきつえんじょ","環境・リサイクル","大阪市指定喫煙所","","","","","","面積：2平方メートル，供用時間：月曜日から日曜日（祝日含む）の10時から22時40分まで，喫煙所形態：屋内喫煙所","","135.493424518387","34.6536139738778","大阪市指定喫煙所"
"マルハン加島店喫煙所（北）","大阪市淀川区加島２丁目７番38号","まるはんかしまてんきつえんじょ（きた）","環境・リサイクル","大阪市指定喫煙所","","","","","","面積：9.07平方メートル，供用時間：月曜日から日曜日（祝日含む）の10時から22時40分まで，喫煙所形態：屋内喫煙所","","135.458483575309","34.7314497161387","大阪市指定喫煙所"
"マルハン加島店喫煙所（西）","大阪市淀川区加島２丁目７番38号","まるはんかしまてんきつえんじょ（にし）","環境・リサイクル","大阪市指定喫煙所","","","","","","面積：15.79平方メートル，供用時間：月曜日から日曜日（祝日含む）の10時から22時40分まで，喫煙所形態：屋内喫煙所","","135.458342462558","34.7313206259881","大阪市指定喫煙所"
"キコーナ千林店喫煙所（１階）","大阪市旭区千林２丁目11番17号","きこーなせんばやしてんきつえんじょ（1かい）","環境・リサイクル","大阪市指定喫煙所","","","","","","面積：7.48平方メートル，供用時間：月曜日から日曜日（祝日含む）の10時から22時30分まで，喫煙所形態：屋内喫煙所","","135.552216334282","34.7248139140676","大阪市指定喫煙所"
"キコーナ千林店喫煙所（２階）","大阪市旭区千林２丁目11番17号","きこーなせんばやしてんきつえんじょ（2かい）","環境・リサイクル","大阪市指定喫煙所","","","","","","面積：7.08平方メートル，供用時間：月曜日から日曜日（祝日含む）の10時から22時30分まで，喫煙所形態：屋内喫煙所","","135.552167224975","34.7248092260222","大阪市指定喫煙所"
"１２３千林店屋内喫煙所（西）","大阪市旭区千林２丁目13番24号","１２３せんばやしてんおくないきつえんじょ（にし）","環境・リサイクル","大阪市指定喫煙所","","","","","","面積：6.78平方メートル，供用時間：月曜日から日曜日（祝日含む）の10時から22時30分まで，喫煙所形態：屋内喫煙所","","135.553227470797","34.7249400544763","大阪市指定喫煙所"
"１２３千林店屋内喫煙所（東）","大阪市旭区千林２丁目13番24号","１２３せんばやしてんおくないきつえんじょ（ひがし）","環境・リサイクル","大阪市指定喫煙所","","","","","","面積：2.14平方メートル，供用時間：月曜日から日曜日（祝日含む）の10時から22時30分まで，喫煙所形態：屋内喫煙所","","135.553462790178","34.7248349913536","大阪市指定喫煙所"
"シグマ本店屋内喫煙所（北東）","大阪市住吉区殿辻２丁目２番10号","しぐまほんてんおくないきつえんじょ（ほくとう）","環境・リサイクル","大阪市指定喫煙所","","","","","","面積：1.69平方メートル，供用時間：月曜日から日曜日（祝日含む）の10時から22時50分まで，喫煙所形態：屋内喫煙所","","135.498044207105","34.605575913873","大阪市指定喫煙所"
"シグマ本店屋内喫煙所（南西）","大阪市住吉区殿辻２丁目２番10号","しぐまほんてんおくないきつえんじょ（なんせい）","環境・リサイクル","大阪市指定喫煙所","","","","","","面積：1.69平方メートル，供用時間：月曜日から日曜日（祝日含む）の10時から22時50分まで，喫煙所形態：屋内喫煙所","","135.49784817263","34.6055390464376","大阪市指定喫煙所"
"Ｐ・ＲＯＯＴｓ西成店屋内喫煙所","大阪市西成区梅南１丁目１番26号","ぴーるーつにしなりてんおくないきつえんじょ","環境・リサイクル","大阪市指定喫煙所","","","","","","面積：3.8平方メートル，供用時間：月曜日から日曜日（祝日含む）の10時から22時50分まで，喫煙所形態：屋内喫煙所","","135.49558023995","34.6433882353341","大阪市指定喫煙所"
"マルハン梅田店地下１階喫煙所","大阪市北区小松原町４番16号　ウメダナナイロビル地下１階","まるはんうめだてんちか１かいきつえんじょ","環境・リサイクル","大阪市指定喫煙所","","","","","","面積：4.16平方メートル，供用時間：月曜日から日曜日（祝日含む）の10時から22時40分まで，喫煙所形態：屋内喫煙所","","135.501098791705","34.7031541266216","大阪市指定喫煙所"
"マルハン梅田店地下２階喫煙所","大阪市北区小松原町４番16号　ウメダナナイロビル地下２階","まるはんうめだてんちか２かいきつえんじょ","環境・リサイクル","大阪市指定喫煙所","","","","","","面積：4.26平方メートル，供用時間：月曜日から日曜日（祝日含む）の10時から22時40分まで，喫煙所形態：屋内喫煙所","","135.501199139334","34.7032582096621","大阪市指定喫煙所"
"１２３長居店喫煙所（１階）","大阪市住吉区長居東４丁目５番３号","１２３ながいてんきつえんじょ（１かい）","環境・リサイクル","大阪市指定喫煙所","","","","","","面積：4.59平方メートル，供用時間：月曜日から日曜日（祝日含む）の10時から22時30分まで，喫煙所形態：屋内喫煙所","","135.51344709701","34.6103183023427","大阪市指定喫煙所"
"１２３長居店喫煙所（２階）","大阪市住吉区長居東４丁目５番３号","１２３ながいてんきつえんじょ（２かい）","環境・リサイクル","大阪市指定喫煙所","","","","","","面積：6.78平方メートル，供用時間：月曜日から日曜日（祝日含む）の10時から22時30分まで，喫煙所形態：屋内喫煙所","","135.513484312728","34.6104807234181","大阪市指定喫煙所"
"１２３長居店喫煙所（３階）","大阪市住吉区長居東４丁目５番３号","１２３ながいてんきつえんじょ（３かい）","環境・リサイクル","大阪市指定喫煙所","","","","","","面積：6.78平方メートル，供用時間：月曜日から日曜日（祝日含む）の10時から22時30分まで，喫煙所形態：屋内喫煙所","","135.51358595897","34.6103459016412","大阪市指定喫煙所"
"１２３＋N大阪本店屋内喫煙所（地下１階東）","大阪市北区兎我野町16番11号","１２３＋えぬおおさかほんてんおくないきつえんじょ（ちか１かいひがし）","環境・リサイクル","大阪市指定喫煙所","","","","","","面積：16.1平方メートル，供用時間：月曜日から日曜日（祝日含む）の10時から22時30分まで，喫煙所形態：屋内喫煙所","","135.502471861305","34.7009250139811","大阪市指定喫煙所"
"１２３＋N大阪本店屋内喫煙所（地下１階南）","大阪市北区兎我野町16番11号","１２３＋えぬおおさかほんてんおくないきつえんじょ（ちか１かいみなみ）","環境・リサイクル","大阪市指定喫煙所","","","","","","面積：5.7平方メートル，供用時間：月曜日から日曜日（祝日含む）の10時から22時30分まで，喫煙所形態：屋内喫煙所","","135.502528852292","34.7005218263207","大阪市指定喫煙所"
"１２３＋N大阪本店屋内喫煙所（１階北）","大阪市北区兎我野町16番11号","１２３＋えぬおおさかほんてんおくないきつえんじょ（１かいきた）","環境・リサイクル","大阪市指定喫煙所","","","","","","面積：38.7平方メートル，供用時間：月曜日から日曜日（祝日含む）の10時から22時30分まで，喫煙所形態：屋内喫煙所","","135.502288462256","34.7010189231857","大阪市指定喫煙所"
"１２３＋N大阪本店屋内喫煙所（１階西）","大阪市北区兎我野町16番11号","１２３＋えぬおおさかほんてんおくないきつえんじょ（１かいにし）","環境・リサイクル","大阪市指定喫煙所","","","","","","面積：7.8平方メートル，供用時間：月曜日から日曜日（祝日含む）の10時から22時30分まで，喫煙所形態：屋内喫煙所","","135.502199841101","34.7007796639203","大阪市指定喫煙所"
"１２３＋N大阪本店屋内喫煙所（２階）","大阪市北区兎我野町16番11号","１２３＋えぬおおさかほんてんおくないきつえんじょ（２かい）","環境・リサイクル","大阪市指定喫煙所","","","","","","面積：34.9平方メートル，供用時間：月曜日から日曜日（祝日含む）の10時から22時30分まで，喫煙所形態：屋内喫煙所","","135.502505362688","34.7007989408202","大阪市指定喫煙所"
"１２３玉出店屋内喫煙所（１階）","大阪市西成区玉出中２丁目５番１号","１２３たまでてんおくないきつえんじょ（１かい）","環境・リサイクル","大阪市指定喫煙所","","","","","","面積：3.51平方メートル，供用時間：月曜日から日曜日（祝日含む）の10時から22時30分まで，喫煙所形態：屋内喫煙所","","135.491279967448","34.6261952604112","大阪市指定喫煙所"
"１２３玉出店屋内喫煙所（２階）","大阪市西成区玉出中２丁目５番１号","１２３たまでてんおくないきつえんじょ（２かい）","環境・リサイクル","大阪市指定喫煙所","","","","","","面積：5.7平方メートル，供用時間：月曜日から日曜日（祝日含む）の10時から22時30分まで，喫煙所形態：屋内喫煙所","","135.491360256958","34.6262183585278","大阪市指定喫煙所"
"１２３玉出店屋内喫煙所（３階）","大阪市西成区玉出中２丁目５番１号","１２３たまでてんおくないきつえんじょ（３かい）","環境・リサイクル","大阪市指定喫煙所","","","","","","面積：6.78平方メートル，供用時間：月曜日から日曜日（祝日含む）の10時から22時30分まで，喫煙所形態：屋内喫煙所","","135.49125268848","34.6261976258092","大阪市指定喫煙所"
"１２３駒川店屋内喫煙所","大阪市東住吉区駒川４丁目１番１号","１２３こまがわてんおくないきつえんじょ","環境・リサイクル","大阪市指定喫煙所","","","","","","面積：6.78平方メートル，供用時間：月曜日から日曜日（祝日含む）の10時から22時30分まで，喫煙所形態：屋内喫煙所","","135.530470803169","34.6211458704359","大阪市指定喫煙所"
"１２３長吉店喫煙所（北西）","大阪市平野区長吉出戸３丁目３番60号","１２３ながよしてんきつえんじょ（ほくせい）","環境・リサイクル","大阪市指定喫煙所","","","","","","面積：2.14平方メートル，供用時間：月曜日から日曜日（祝日含む）の10時から22時30分まで，喫煙所形態：屋内喫煙所","","135.573097604501","34.613401947365","大阪市指定喫煙所"
"１２３長吉店喫煙所（北東）","大阪市平野区長吉出戸３丁目３番60号","１２３ながよしてんきつえんじょ（ほくとう）","環境・リサイクル","大阪市指定喫煙所","","","","","","面積：2.14平方メートル，供用時間：月曜日から日曜日（祝日含む）の10時から22時30分まで，喫煙所形態：屋内喫煙所","","135.573670967131","34.6133872741748","大阪市指定喫煙所"
"１２３長吉店喫煙所（南西）","大阪市平野区長吉出戸３丁目３番60号","１２３ながよしてんきつえんじょ（なんせい）","環境・リサイクル","大阪市指定喫煙所","","","","","","面積：2.14平方メートル，供用時間：月曜日から日曜日（祝日含む）の10時から22時30分まで，喫煙所形態：屋内喫煙所","","135.573302820391","34.6131464103413","大阪市指定喫煙所"
"１２３長吉店喫煙所（南東）","大阪市平野区長吉出戸３丁目３番60号","１２３ながよしてんきつえんじょ（なんとう）","環境・リサイクル","大阪市指定喫煙所","","","","","","面積：2.14平方メートル，供用時間：月曜日から日曜日（祝日含む）の10時から22時30分まで，喫煙所形態：屋内喫煙所","","135.573481947855","34.613141176817","大阪市指定喫煙所"
"１２３鶴橋店屋内喫煙所（西）","大阪市東成区玉津３丁目12番３号","１２３つるはしてんおくないきつえんじょ（にし）","環境・リサイクル","大阪市指定喫煙所","","","","","","面積：4.71平方メートル，供用時間：月曜日から日曜日（祝日含む）の10時から22時30分まで，喫煙所形態：屋内喫煙所","","135.53449477611","34.6658820534759","大阪市指定喫煙所"
"１２３鶴橋店屋内喫煙所（南西）","大阪市東成区玉津３丁目12番３号","１２３つるはしてんおくないきつえんじょ（なんせい）","環境・リサイクル","大阪市指定喫煙所","","","","","","面積：4.71平方メートル，供用時間：月曜日から日曜日（祝日含む）の10時から22時30分まで，喫煙所形態：屋内喫煙所","","135.534898762126","34.6655883517345","大阪市指定喫煙所"
"１２３鶴橋店屋内喫煙所（南東）","大阪市東成区玉津３丁目12番３号","１２３つるはしてんおくないきつえんじょ（なんとう）","環境・リサイクル","大阪市指定喫煙所","","","","","","面積：4.71平方メートル，供用時間：月曜日から日曜日（祝日含む）の10時から22時30分まで，喫煙所形態：屋内喫煙所","","135.535303818392","34.6655910232154","大阪市指定喫煙所"
"１２３難波店喫煙所（地下１階東）","大阪市中央区千日前２丁目８番４号　延田ビル地下１階","１２３なんばてんきつえんじょ（ちか１かいひがし）","環境・リサイクル","大阪市指定喫煙所","","","","","","面積：2.14平方メートル，供用時間：月曜日から日曜日（祝日含む）の10時から22時30分まで，喫煙所形態：屋内喫煙所","","135.503561596091","34.6662730347445","大阪市指定喫煙所"
"１２３難波店喫煙所（地下１階南）","大阪市中央区千日前２丁目８番４号　延田ビル地下１階","１２３なんばてんきつえんじょ（ちか１かいみなみ）","環境・リサイクル","大阪市指定喫煙所","","","","","","面積：2.14平方メートル，供用時間：月曜日から日曜日（祝日含む）の10時から22時30分まで，喫煙所形態：屋内喫煙所","","135.503616822203","34.6661605716242","大阪市指定喫煙所"
"１２３難波店喫煙所（１階北西）","大阪市中央区千日前２丁目８番４号　延田ビル１階","１２３なんばてんきつえんじょ（１かいほくせい）","環境・リサイクル","大阪市指定喫煙所","","","","","","面積：3.51平方メートル，供用時間：月曜日から日曜日（祝日含む）の10時から22時30分まで，喫煙所形態：屋内喫煙所","","135.503345440546","34.6663839408376","大阪市指定喫煙所"
"１２３難波店喫煙所（１階北東）","大阪市中央区千日前２丁目８番４号　延田ビル１階","１２３なんばてんきつえんじょ（１かいほくとう）","環境・リサイクル","大阪市指定喫煙所","","","","","","面積：2.14平方メートル，供用時間：月曜日から日曜日（祝日含む）の10時から22時30分まで，喫煙所形態：屋内喫煙所","","135.503524112042","34.66638354169","大阪市指定喫煙所"
"１２３難波店喫煙所（１階南西）","大阪市中央区千日前２丁目８番４号　延田ビル１階","１２３なんばてんきつえんじょ（１かいなんせい）","環境・リサイクル","大阪市指定喫煙所","","","","","","面積：3.51平方メートル，供用時間：月曜日から日曜日（祝日含む）の10時から22時30分まで，喫煙所形態：屋内喫煙所","","135.503350507086","34.6662205634914","大阪市指定喫煙所"
"１２３難波店喫煙所（１階南東）","大阪市中央区千日前２丁目８番４号　延田ビル１階","１２３なんばてんきつえんじょ（１かいなんとう）","環境・リサイクル","大阪市指定喫煙所","","","","","","面積：6.78平方メートル，供用時間：月曜日から日曜日（祝日含む）の10時から22時30分まで，喫煙所形態：屋内喫煙所","","135.503678388988","34.6661283678805","大阪市指定喫煙所"
"１２３難波店喫煙所（２階）","大阪市中央区千日前２丁目８番４号　延田ビル２階","１２３なんばてんきつえんじょ（２かい）","環境・リサイクル","大阪市指定喫煙所","","","","","","面積：3.96平方メートル，供用時間：月曜日から日曜日（祝日含む）の10時から22時30分まで，喫煙所形態：屋内喫煙所","","135.503574736462","34.6661279458611","大阪市指定喫煙所"
"１２３緑橋店喫煙所（北西）","大阪市東成区東今里２丁目３番１号","１２３みどりばしてんきつえんじょ（ほくせい）","環境・リサイクル","大阪市指定喫煙所","","","","","","面積：6.78平方メートル，供用時間：月曜日から日曜日（祝日含む）の10時から22時30分まで，喫煙所形態：屋内喫煙所","","135.552173123855","34.6795497839803","大阪市指定喫煙所"
"１２３緑橋店喫煙所（北東）","大阪市東成区東今里２丁目３番１号","１２３みどりばしてんきつえんじょ（ほくとう）","環境・リサイクル","大阪市指定喫煙所","","","","","","面積：3.96平方メートル，供用時間：月曜日から日曜日（祝日含む）の10時から22時30分まで，喫煙所形態：屋内喫煙所","","135.5524939067","34.6795092680825","大阪市指定喫煙所"
"１２３緑橋店喫煙所（南）","大阪市東成区東今里２丁目３番１号","１２３みどりばしてんきつえんじょ（みなみ）","環境・リサイクル","大阪市指定喫煙所","","","","","","面積：3.96平方メートル，供用時間：月曜日から日曜日（祝日含む）の10時から22時30分まで，喫煙所形態：屋内喫煙所","","135.552323609452","34.6792156533402","大阪市指定喫煙所"
"スロット１２３梅田店喫煙所","大阪市北区梅田1丁目２番２号（大阪駅前第２ビル１階）","すろっと１２３うめだてんきつえんじょ","環境・リサイクル","大阪市指定喫煙所","","","","","","面積：2.62平方メートル，供用時間：月曜日から日曜日（祝日含む）の10時から22時30分まで，喫煙所形態：屋内喫煙所","","135.497653046075","34.6986505186539","大阪市指定喫煙所"
"TENICHI西成店喫煙所（１階）","大阪市西成区天下茶屋３丁目22番12号","てんいちにしなりてんきつえんじょ（１かい）","環境・リサイクル","大阪市指定喫煙所","","","","","","面積：2.72平方メートル，供用時間：月曜日から日曜日（祝日含む）の10時から22時50分まで，喫煙所形態：屋内喫煙所","","135.497304539061","34.6368278408265","大阪市指定喫煙所"
"TENICHI西成店喫煙所（２階）","大阪市西成区天下茶屋３丁目22番12号","てんいちにしなりてんきつえんじょ（２かい）","環境・リサイクル","大阪市指定喫煙所","","","","","","面積：1.96平方メートル，供用時間：月曜日から日曜日（祝日含む）の10時から22時50分まで，喫煙所形態：屋内喫煙所","","135.497441018617","34.6368047385135","大阪市指定喫煙所"
"メトログラッチェ十三店喫煙所（１階）","大阪市淀川区十三東２丁目６番23号　ピュアコート十三","めとろぐらっちぇじゅうそうてんきつえんじょ（１かい）","環境・リサイクル","大阪市指定喫煙所","","","","","","面積：3.24平方メートル，供用時間：月曜日から日曜日（祝日含む）の10時から22時45分まで，喫煙所形態：屋内喫煙所","","135.483546715357","34.7203438877664","大阪市指定喫煙所"
"メトログラッチェ十三店喫煙所（２階）","大阪市淀川区十三東２丁目６番23号　ピュアコート十三","めとろぐらっちぇじゅうそうてんきつえんじょ（２かい）","環境・リサイクル","大阪市指定喫煙所","","","","","","面積：1.71平方メートル，供用時間：月曜日から日曜日（祝日含む）の10時から22時45分まで，喫煙所形態：屋内喫煙所","","135.483662158615","34.7202147870581","大阪市指定喫煙所"
"萩之茶屋会館喫煙所","大阪市西成区花園北２丁目12番31号","はぎのちゃやかいかんきつえんじょ","環境・リサイクル","大阪市指定喫煙所","","","","","","面積：4.41平方メートル，供用時間：月曜日から日曜日（祝日含む）の10時から22時まで，喫煙所形態：屋内喫煙所","","135.498409135106","34.6454617122283","大阪市指定喫煙所"
"マジックバード２喫煙所（１階北西）","大阪市天王寺区玉造元町７番19号","まじっくばーど２きつえんじょ（１かいほくせい）","環境・リサイクル","大阪市指定喫煙所","","","","","","面積：0.96平方メートル，供用時間：月曜日から日曜日（祝日含む）の10時から22時40分まで，喫煙所形態：屋内喫煙所","","135.531093162884","34.6724510208398","大阪市指定喫煙所"
"マジックバード２喫煙所（１階南西）","大阪市天王寺区玉造元町７番19号","まじっくばーど２きつえんじょ（１かいなんせい）","環境・リサイクル","大阪市指定喫煙所","","","","","","面積：0.96平方メートル，供用時間：月曜日から日曜日（祝日含む）の10時から22時40分まで，喫煙所形態：屋内喫煙所","","135.53103540809","34.672291908169","大阪市指定喫煙所"
"マジックバード２喫煙所（１階中央）","大阪市天王寺区玉造元町７番19号","まじっくばーど２きつえんじょ（１かいちゅうおう）","環境・リサイクル","大阪市指定喫煙所","","","","","","面積：3.93平方メートル，供用時間：月曜日から日曜日（祝日含む）の10時から22時40分まで，喫煙所形態：屋内喫煙所","","135.531247810657","34.6723592106624","大阪市指定喫煙所"
"マジックバード２喫煙所（２階中央）","大阪市天王寺区玉造元町７番19号","まじっくばーど２きつえんじょ（２かいちゅうおう）","環境・リサイクル","大阪市指定喫煙所","","","","","","面積：5.28平方メートル，供用時間：月曜日から日曜日（祝日含む）の10時から22時40分まで，喫煙所形態：屋内喫煙所","","135.531206758656","34.6723827174791","大阪市指定喫煙所"
"カフェブレーク　ホワイティ梅田店","大阪市北区曽根崎２丁目　梅田地下街５－２号（ホワイティうめだ内）","かふぇぶれーく　ほわいてぃうめだてん","環境・リサイクル","情報提供登録喫煙所","","","","","","面積等：2.15㎡，喫煙できるたばこ：紙巻き、加熱式，開業時間：平日　6：30～22：00、土日祝　7：30～22：00
（休業日）ホワイティ梅田定休日に準ずる，喫煙所のみの利用：不可（店舗利用必要）","","135.49922102985","34.7016839667051","情報提供喫煙所"
"居酒屋　千五十屋","大阪市中央区船場中央１丁目４番３号　船場センタービル３号館地下２階","いざかや　せんごじゅうや","環境・リサイクル","情報提供登録喫煙所","","","","","","面積等：3.6㎡，喫煙できるたばこ：紙巻き、加熱式，開業時間：月～土　11：30～22：00
（休業日）毎月第３日曜日、8/13～8/15，12/30～1/3，喫煙所のみの利用：不可（店舗利用必要）","","135.507269665859","34.6817923404139","情報提供喫煙所"
"THE TOBACCO HOMMACHI","大阪市中央区南本町３丁目３番23号　インペリアル船場108号室","ざ　たばこ　ほんまち","環境・リサイクル","大阪市指定喫煙所","","","","","","面積：16平方メートル，供用時間：月曜日から金曜日（祝日除く）の８時から21時まで，喫煙所形態：屋内喫煙所","","135.502242747097","34.6822916274903","大阪市指定喫煙所"
"はりまや　あびこ本店喫煙所","大阪市住吉区苅田７丁目12番29号　あびこはりまやビル１階","はりまや　あびこほんてんきつえんじょ","環境・リサイクル","大阪市指定喫煙所","","","","","","面積：6.74平方メートル，供用時間：月曜日から日曜日（祝日含む）の10時から22時50分まで，喫煙所形態：屋内喫煙所","","135.513310184636","34.5989785368281","大阪市指定喫煙所"
"はりまや　あびこ分店喫煙所","大阪市住吉区苅田７丁目12番29号　あびこはりまやビル２階","はりまや　あびこぶんてんきつえんじょ","環境・リサイクル","大阪市指定喫煙所","","","","","","面積：4.54平方メートル，供用時間：月曜日から日曜日（祝日含む）の10時から22時50分まで，喫煙所形態：屋内喫煙所","","135.513031933132","34.5990202489641","大阪市指定喫煙所"
"はりまや　日本橋一丁目店喫煙所（北側）","大阪市中央区日本橋１丁目３番11号","はりまや　にほんばしいっちょうめてんきつえんじょ（きたがわ）","環境・リサイクル","大阪市指定喫煙所","","","","","","面積：2.73平方メートル，供用時間：月曜日から日曜日（祝日含む）の10時から22時50分まで，喫煙所形態：屋内喫煙所","","135.505747280158","34.667331002024","大阪市指定喫煙所"
"はりまや　日本橋一丁目店喫煙所（南側）","大阪市中央区日本橋１丁目３番11号","はりまや　にほんばしいっちょうめてんきつえんじょ（みなみがわ）","環境・リサイクル","大阪市指定喫煙所","","","","","","面積：2.38平方メートル，供用時間：月曜日から日曜日（祝日含む）の10時から22時50分まで，喫煙所形態：屋内喫煙所","","135.505709332702","34.6672902801752","大阪市指定喫煙所"
"ローソン城東中央三丁目店喫煙所","大阪市城東区中央3丁目3番19号","ろーそんじょうとうちゅうおうさんちょうめてんきつえんじょ","環境・リサイクル","大阪市指定喫煙所","","","","","","面積：5.57平方メートル，供用時間：月曜日から日曜日（祝日含む）の８時から20時まで，喫煙所形態：屋内喫煙所","","135.54543629816","34.7028118700808","大阪市指定喫煙所"
"巽北換気塔喫煙所","大阪市生野区巽北３丁目139番６号","たつみきたかんきとうきつえんじょ","環境・リサイクル","大阪市指定喫煙所","","","","","","面積：8.89平方メートル，供用時間：月曜日から日曜日（祝日含む）の終日，喫煙所形態：屋外開放型喫煙所","","135.555644404715","34.6557789249785","大阪市指定喫煙所"
"Osaka Metro本社前喫煙所","大阪市西区九条南１丁目12番62号","おおさかめとろほんしゃまえきつえんじょ","環境・リサイクル","大阪市指定喫煙所","","","","","","面積：12.76平方メートル，供用時間：月曜日から日曜日（祝日含む）の終日，喫煙所形態：屋外開放型喫煙所","","135.474630885782","34.6694028747677","大阪市指定喫煙所"
"緑木検車場喫煙所","大阪市住之江区緑木１丁目４番13号","みどりぎけんしゃじょうきつえんじょ","環境・リサイクル","大阪市指定喫煙所","","","","","","面積：5.2平方メートル，供用時間：月曜日から日曜日（祝日含む）の終日，喫煙所形態：屋外開放型喫煙所","","135.472272804354","34.6204492954514","大阪市指定喫煙所"
"Smoking Area in Sagisu","大阪市福島区鷺洲１丁目10番13号　1階","すもーきんぐえりあ　いん　さぎす","環境・リサイクル","大阪市指定喫煙所","","","","","","面積：8平方メートル，供用時間：月曜日、火曜日、木曜日、金曜日、土曜日（祝日除く）の９時30分から18時まで，喫煙所形態：屋外閉鎖型喫煙所","","135.478372691059","34.6954678654903","大阪市指定喫煙所"
"ナニワ環境公共喫煙所","大阪市浪速区元町１丁目３番１号　１階","なにわかんきょうこうきょうきつえんじょ","環境・リサイクル","大阪市指定喫煙所","","","","","","面積：7.19平方メートル，供用時間：月曜日から日曜日（祝日含む）の10時から18時まで，喫煙所形態：屋内喫煙所","","135.496909695301","34.6658783287994","大阪市指定喫煙所"
"日の出産業上新庄喫煙所","大阪市東淀川区小松１丁目10番18号 １階店舗２","ひのでさんぎょうかみしんじょうきつえんじょ","環境・リサイクル","大阪市指定喫煙所","","","","","","面積：26.38平方メートル，供用時間：月曜日から土曜日（祝日除く）の９時から20時まで，喫煙所形態：屋内喫煙所","","135.535480116268","34.7520787049103","大阪市指定喫煙所"
"堀口商会喫煙所","大阪市生野区林寺３丁目６番２号","ほりぐちしょうかいきつえんじょ","環境・リサイクル","大阪市指定喫煙所","","","","","","面積：24.3平方メートル，供用時間：月曜日から土曜日（祝日含む）の９時から20時まで，喫煙所形態：屋内喫煙所","","135.536076948485","34.6459199881007","大阪市指定喫煙所"
"クリスタ長堀　サテスタ広場喫煙所","大阪市中央区南船場４丁目長堀地下街７号","くりすたながほり　さてすたひろばきつえんじょ","環境・リサイクル","大阪市指定喫煙所","","","","","","面積：3.6平方メートル，供用時間：月曜日から日曜日（祝日含む）の6時から23時まで，喫煙所形態：屋内喫煙所","","135.498090212516","34.6751242910583","大阪市指定喫煙所"
"ダイ二ホン不動産新大阪穴太ビル喫煙所","大阪市淀川区西中島５丁目13番15号","だいにほんふどうさんしんおおさかあなぶとびるきつえんじょ","環境・リサイクル","大阪市指定喫煙所","","","","","","面積：18平方メートル，供用時間：月曜日から金曜日（祝日除く）の８時から17時まで，喫煙所形態：屋内喫煙所","","135.499510141278","34.7300679404937","大阪市指定喫煙所"
"エル・おおさか　スモーキングエリア","大阪市中央区石町２丁目５番３号","える・おおさか　すもーきんぐえりあ","環境・リサイクル","大阪市指定喫煙所","","","","","","面積：73平方メートル，供用時間：月曜日から日曜日（祝日含む）の8時30分から21時まで，喫煙所形態：屋外開放型喫煙所","","135.513177195106","34.6897104960444","大阪市指定喫煙所"
"Smoking Space Kohama","大阪市住之江区粉浜２丁目１番12号","すもーきんぐすぺーす　こはま","環境・リサイクル","大阪市指定喫煙所","","","","","","面積：19.76平方メートル，供用時間：月曜日から日曜日（祝日含む）の10時から22時まで，喫煙所形態：屋内喫煙所","","135.49109169418","34.6176698013182","大阪市指定喫煙所"
"ConfidenceRon喫煙所","大阪市西区立売堀１丁目９番８号","こんふぃでんしゃるろんきつえんじょ","環境・リサイクル","大阪市指定喫煙所","","","","","","面積：5.61平方メートル，供用時間：月曜日から金曜日（祝日除く）の９時から17時まで，喫煙所形態：屋外閉鎖型喫煙所","","135.49565144064","34.6791379643998","大阪市指定喫煙所"
"東心斎橋喫煙所","大阪市中央区東心斎橋１丁目４番１号　オリエンタル東心斎橋ビルB1","ひがししんさいばしきつえんじょ","環境・リサイクル","大阪市指定喫煙所","","","","","","面積：2.55平方メートル，供用時間：月曜日から金曜日（祝日除く）の15時から23時まで，喫煙所形態：屋内喫煙所","","135.505992418517","34.6734210210966","大阪市指定喫煙所"
"Smoking Space Kagaya","大阪市住之江区中加賀屋２丁目３番16号","すもーきんぐすぺーす　かがや","環境・リサイクル","大阪市指定喫煙所","","","","","","面積：14.69平方メートル，供用時間：月曜日から日曜日（祝日含む）の10時から22時まで，喫煙所形態：屋内喫煙所","","135.48094832405","34.6183380959896","大阪市指定喫煙所"
"カキサコたばこ店喫煙所","大阪市中央区森ノ宮中央１丁目８番８号","かきさこたばこてんきつえんじょ","環境・リサイクル","大阪市指定喫煙所","","","","","","面積：6.65平方メートル，供用時間：月曜日から土曜日（祝日除く）の９時から18時まで，喫煙所形態：屋内喫煙所","","135.532647995193","34.6781290032131","大阪市指定喫煙所"
"竹村たばこ店喫煙所","大阪市城東区成育５丁目８番22号","たけむらたばこてんきつえんじょ","環境・リサイクル","大阪市指定喫煙所","","","","","","面積：4.9平方メートル，供用時間：月曜日から日曜日（祝日含む）の8時から20時まで，喫煙所形態：屋内喫煙所","","135.545022579965","34.7122931120107","大阪市指定喫煙所"
"あべのキューズモール喫煙所（B1F）","大阪市阿倍野区阿倍野筋１丁目６番１号","あべのきゅーずもーるきつえんじょ（ちか１かい）","環境・リサイクル","大阪市指定喫煙所","","","","","","面積：7.4平方メートル，供用時間：月曜日から日曜日（祝日含む）の10時から21時まで，喫煙所形態：屋内喫煙所","","135.511208332126","34.6457950610849","大阪市指定喫煙所"
"あべのキューズモール喫煙所（1F）","大阪市阿倍野区阿倍野筋１丁目６番１号","あべのきゅーずもーるきつえんじょ（１かい）","環境・リサイクル","大阪市指定喫煙所","","","","","","面積：7.4平方メートル，供用時間：月曜日から日曜日（祝日含む）の10時から21時まで，喫煙所形態：屋内喫煙所","","135.511296861696","34.645812319296","大阪市指定喫煙所"
"あべのキューズモール喫煙所（2F）","大阪市阿倍野区阿倍野筋１丁目６番１号","あべのきゅーずもーるきつえんじょ（２かい）","環境・リサイクル","大阪市指定喫煙所","","","","","","面積：7.4平方メートル，供用時間：月曜日から日曜日（祝日含む）の10時から21時まで，喫煙所形態：屋内喫煙所","","135.511154188176","34.6457272313657","大阪市指定喫煙所"
"あべのキューズモール喫煙所（3F）","大阪市阿倍野区阿倍野筋１丁目６番１号","あべのきゅーずもーるきつえんじょ（３かい）","環境・リサイクル","大阪市指定喫煙所","","","","","","面積：7.4平方メートル，供用時間：月曜日から日曜日（祝日含む）の10時から21時まで，喫煙所形態：屋内喫煙所","","135.511290275478","34.645772851642","大阪市指定喫煙所"
"あべのキューズモール喫煙所（4F西）","大阪市阿倍野区阿倍野筋１丁目６番１号","あべのきゅーずもーるきつえんじょ（４かいにし）","環境・リサイクル","大阪市指定喫煙所","","","","","","面積：9.6平方メートル，供用時間：月曜日から日曜日（祝日含む）の10時から21時まで，喫煙所形態：屋内喫煙所","","135.511318339086","34.645637737829","大阪市指定喫煙所"
"あべのキューズモール喫煙所（4F東）","大阪市阿倍野区阿倍野筋１丁目６番１号","あべのきゅーずもーるきつえんじょ（４かいひがし）","環境・リサイクル","大阪市指定喫煙所","","","","","","面積：5.5平方メートル，供用時間：月曜日から日曜日（祝日含む）の10時から21時まで，喫煙所形態：屋内喫煙所","","135.51199197425","34.6446994867546","大阪市指定喫煙所"
"野堂ハイツ喫煙所","大阪市平野区背戸口３丁目６番９号","のどうはいつきつえんじょ","環境・リサイクル","大阪市指定喫煙所","","","","","","面積：15.4平方メートル，供用時間：月曜日から金曜日（祝日除く）の8時から18時まで，喫煙所形態：屋内喫煙所","","135.544591252843","34.6217356016321","大阪市指定喫煙所"
"スペースミヤコ京橋店喫煙所","大阪市都島区東野田町３丁目３番36号","すぺーすみやこきょうばしてんきつえんじょ","環境・リサイクル","大阪市指定喫煙所","","","","","","面積：19.74平方メートル，供用時間：月曜日から日曜日（祝日含む）の10時から22時40分まで，喫煙所形態：屋内喫煙所","","135.534818344272","34.6977672818352","大阪市指定喫煙所"
"あいおい公共喫煙所","大阪市住吉区山之内3丁目10番14号","あいおいこうきょうきつえんじょ","環境・リサイクル","大阪市指定喫煙所","","","","","","面積：4.33平方メートル，供用時間：月曜日から金曜日（祝日除く）の10時から18時まで，喫煙所形態：屋外閉鎖型喫煙所","","135.50137127374","34.5944722203928","大阪市指定喫煙所"
"なんば駅31号出入口喫煙所","大阪市浪速区難波中１丁目８番15号","なんばえき31ごうでいりぐちきつえんじょ","環境・リサイクル","大阪市指定喫煙所","","","","","","面積：3.6平方メートル，供用時間：月曜日から日曜日（祝日含む）の５時から０時まで，喫煙所形態：屋外開放型喫煙所","","135.498303059719","34.6651492562641","大阪市指定喫煙所"
"大阪ベイタワー公共喫煙所","大阪市港区弁天１丁目２番２号","おおさかべいたわーこうきょうきつえんじょ","環境・リサイクル","大阪市指定喫煙所","","","","","","面積：21.3平方メートル，供用時間：月曜日から日曜日（祝日含む）の11時から22時まで，喫煙所形態：屋内喫煙所","","135.460808767383","34.6700779345695","大阪市指定喫煙所"
"せんびる公共喫煙所（２号館Ｂ２）","大阪市中央区船場中央１丁目３番２－B201","せんびるこうきょうきつえんじょ（２ごうかんＢ２）","環境・リサイクル","大阪市指定喫煙所","","","","","","面積：26.74平方メートル，供用時間：月曜日から日曜日（祝日含む）の8時から22時まで，喫煙所形態：屋内喫煙所","","135.508145892959","34.6819276998016","大阪市指定喫煙所"
"せんびる公共喫煙所（10号館Ｂ１）","大阪市中央区船場中央４丁目１番10－B138","せんびるこうきょうきつえんじょ（10ごうかんＢ１）","環境・リサイクル","大阪市指定喫煙所","","","","","","面積：20.5平方メートル，供用時間：月曜日から日曜日（祝日含む）の8時から22時まで，喫煙所形態：屋内喫煙所","","135.500300994692","34.6818578287521","大阪市指定喫煙所"
"N６ SMOKING AREA","大阪市北区中津６丁目７番22号","えぬ６　すもーきんぐえりあ","環境・リサイクル","大阪市指定喫煙所","","","","","","面積：2.7平方メートル，供用時間：月曜日、火曜日、木曜日、金曜日、土曜日、日曜日（祝日含む）の9時から18時まで，喫煙所形態：屋内喫煙所","","135.487943775032","34.7081206430083","大阪市指定喫煙所"
"古林ビル喫煙所","大阪市北区東天満２丁目５番16号","ふるばやしびるきつえんじょ","環境・リサイクル","大阪市指定喫煙所","","","","","","面積：5平方メートル，供用時間：月曜日から土曜日（祝日除く）の８時から19時まで，喫煙所形態：屋内喫煙所","","135.5159747587","34.6977568682786","大阪市指定喫煙所"
"大一平野店屋外喫煙所","大阪市平野区加美東４丁目８番24号","だいいちひらのてんおくがいきつえんじょ","環境・リサイクル","大阪市指定喫煙所","","","","","","面積：7平方メートル，供用時間：月曜日から日曜日（祝日含む）の10時から22時30分まで，喫煙所形態：屋外閉鎖型喫煙所","","135.567659999412","34.6271674459152","大阪市指定喫煙所"
"クレープロリアン喫煙所","大阪市中央区北久宝寺町１丁目７番４号","くれーぷろりあんきつえんじょ","環境・リサイクル","大阪市指定喫煙所","","","","","","面積：5平方メートル，供用時間：月曜日から日曜日（祝日含む）の10時30分から19時まで，喫煙所形態：屋内喫煙所","","135.507499323571","34.6798602057324","大阪市指定喫煙所"
"シグマ矢田店喫煙所（西）","大阪市東住吉区照ヶ丘矢田３丁目１番８号","しぐまやたてんきつえんじょ（にし）","環境・リサイクル","大阪市指定喫煙所","","","","","","面積：1.9平方メートル，供用時間：月曜日から日曜日（祝日含む）の10時から22時40分まで，喫煙所形態：屋内喫煙所","","135.533022296142","34.6052663716772","大阪市指定喫煙所"
"シグマ矢田店喫煙所（中央）","大阪市東住吉区照ヶ丘矢田３丁目１番８号","しぐまやたてんきつえんじょ（ちゅうおう）","環境・リサイクル","大阪市指定喫煙所","","","","","","面積：1.9平方メートル，供用時間：月曜日から日曜日（祝日含む）の10時から22時40分まで，喫煙所形態：屋内喫煙所","","135.533131362752","34.605260027648","大阪市指定喫煙所"
"シグマ矢田店喫煙所（２F）","大阪市東住吉区照ヶ丘矢田３丁目１番８号","しぐまやたてんきつえんじょ（２かい）","環境・リサイクル","大阪市指定喫煙所","","","","","","面積：3.6平方メートル，供用時間：月曜日から日曜日（祝日含む）の10時から22時40分まで，喫煙所形態：屋内喫煙所","","135.533215395976","34.6053432891409","大阪市指定喫煙所"
"Ｐ－ＲＯＯＴｓ住之江店喫煙所（北東）","大阪市住之江区東加賀屋４丁目７番16号","ぴーるーつすみのえてんきつえんじょ（ほくとう）","環境・リサイクル","大阪市指定喫煙所","","","","","","面積：1.9平方メートル，供用時間：月曜日から日曜日（祝日含む）の10時から22時50分まで，喫煙所形態：屋内喫煙所","","135.48151278611","34.6146092837938","大阪市指定喫煙所"
"Ｐ－ＲＯＯＴｓ住之江店喫煙所（南西）","大阪市住之江区東加賀屋４丁目７番16号","ぴーるーつすみのえてんきつえんじょ（なんせい）","環境・リサイクル","大阪市指定喫煙所","","","","","","面積：1.9平方メートル，供用時間：月曜日から日曜日（祝日含む）の10時から22時50分まで，喫煙所形態：屋内喫煙所","","135.481363556837","34.6144959606761","大阪市指定喫煙所"
"キコーナ赤川店喫煙所","大阪市旭区赤川２丁目４番10号","きこーなあかがわてんきつえんじょ","環境・リサイクル","大阪市指定喫煙所","","","","","","面積：2.9平方メートル，供用時間：月曜日から日曜日（祝日含む）の10時から22時40分まで，喫煙所形態：屋内喫煙所","","135.532172380368","34.7256797843952","大阪市指定喫煙所"
"キコーナ市岡店喫煙所","大阪市港区市岡２丁目５番10号","きこーないちおかてんきつえんじょ","環境・リサイクル","大阪市指定喫煙所","","","","","","面積：6.26平方メートル，供用時間：月曜日から日曜日（祝日含む）の10時から22時40分まで，喫煙所形態：屋内喫煙所","","135.458813390443","34.6627393283815","大阪市指定喫煙所"
"カフェブレーク　クリスタ長堀店","大阪市中央区南船場２丁目　長堀地下街２号","かふぇぶれーく　くりすたながほりてん","環境・リサイクル","情報提供登録喫煙所","","","","","","面積等：3.75㎡，喫煙できるたばこ：紙巻き、加熱式，開業時間：平日　7：15～22：00、土日祝　9：00～22：00
（休業日）クリスタ長堀定休日に準ずる，喫煙所のみの利用：不可（店舗利用必要）","","135.503933054737","34.674985017813","情報提供喫煙所"
"カフェブレーク　なんばウォーク店","大阪市中央区難波1丁目　なんばウォーク３－３","かふぇぶれーく　なんばうぉーくてん","環境・リサイクル","情報提供登録喫煙所","","","","","","面積等：4.5㎡，喫煙できるたばこ：紙巻き、加熱式，開業時間：平日　7：00～22：00、土日祝　8：00～22：00
（休業日）なんばウォーク定休日に準ずる，喫煙所のみの利用：不可（店舗利用必要）","","135.500945986768","34.6673743308109","情報提供喫煙所"
"扇町公園東喫煙所","大阪市北区扇町１丁目","おうぎまちこうえんひがしきつえんじょ","環境・リサイクル","大阪市指定喫煙所","","","","","","面積：8.74平方メートル，供用時間：月曜日から日曜日（祝日含む）の７時から20時まで，喫煙所形態：屋外閉鎖型喫煙所","","135.510522510859","34.7040888247961","大阪市指定喫煙所"
"都島中央公園喫煙所","大阪市都島区中野町５丁目","みやこじまちゅうおうこうえんきつえんじょ","環境・リサイクル","大阪市指定喫煙所","","","","","","面積：8.74平方メートル，供用時間：月曜日から日曜日（祝日含む）の７時から20時まで，喫煙所形態：屋外閉鎖型喫煙所","","135.522282187072","34.7069363475605","大阪市指定喫煙所"
"下福島公園喫煙所","大阪市福島区福島４丁目１番","しもふくしまこうえんきつえんじょ","環境・リサイクル","大阪市指定喫煙所","","","","","","面積：8.74平方メートル，供用時間：月曜日から日曜日（祝日含む）の７時から20時まで，喫煙所形態：屋外閉鎖型喫煙所","","135.482431049516","34.6915079710272","大阪市指定喫煙所"
"中央卸売市場喫煙所","大阪市福島区野田１丁目","ちゅうおうおろしうりいちばきつえんじょ","環境・リサイクル","大阪市指定喫煙所","","","","","","面積：20.16平方メートル，供用時間：月曜日から日曜日（祝日含む）の終日，喫煙所形態：屋外開放型喫煙所","","135.475944961731","34.6824475946098","大阪市指定喫煙所"
"桜島北公園喫煙所","大阪市此花区桜島１丁目","さくらじまきたこうえんきつえんじょ","環境・リサイクル","大阪市指定喫煙所","","","","","","面積：8.74平方メートル，供用時間：月曜日から日曜日（祝日含む）の７時から22時まで，喫煙所形態：屋外閉鎖型喫煙所","","135.433199266464","34.6623303605053","大阪市指定喫煙所"
"大阪城公園南喫煙所","大阪市中央区大阪城","おおさかじょうこうえんみなみきつえんじょ","環境・リサイクル","大阪市指定喫煙所","","","","","","面積：8.74平方メートル，供用時間：月曜日から日曜日（祝日含む）の７時から20時まで，喫煙所形態：屋外閉鎖型喫煙所","","135.531475377176","34.6819455184432","大阪市指定喫煙所"
"大阪城野球場横喫煙所","大阪市中央区大阪城","おおさかじょうやきゅうじょうよこきつえんじょ","環境・リサイクル","大阪市指定喫煙所","","","","","","面積：24.06平方メートル，供用時間：月曜日から日曜日（祝日含む）の終日，喫煙所形態：屋外開放型喫煙所","","135.531960575443","34.6890534816594","大阪市指定喫煙所"
"大阪城バス駐車場喫煙所","大阪市中央区大阪城","おおさかじょうばすちゅうしゃじょうきつえんじょ","環境・リサイクル","大阪市指定喫煙所","","","","","","面積：23.63平方メートル，供用時間：月曜日から日曜日（祝日含む）の終日，喫煙所形態：屋外開放型喫煙所","","135.527098997908","34.6827016589046","大阪市指定喫煙所"
"新町２丁目喫煙所","大阪市西区新町２丁目８番","しんまち２ちょうめきつえんじょ","環境・リサイクル","大阪市指定喫煙所","","","","","","面積：14.9平方メートル，供用時間：月曜日から日曜日（祝日含む）の終日，喫煙所形態：屋外開放型喫煙所","","135.491919242862","34.6755612928184","大阪市指定喫煙所"
"千島公園喫煙所","大阪市大正区千島２丁目７番","ちしまこうえんきつえんじょ","環境・リサイクル","大阪市指定喫煙所","","","","","","面積：11平方メートル，供用時間：月曜日から日曜日（祝日含む）の７時から20時まで，喫煙所形態：屋外閉鎖型喫煙所","","135.471893524141","34.6496013018674","大阪市指定喫煙所"
"上汐北公園喫煙所","大阪市天王寺区上汐３丁目","うえしおきたこうえんきつえんじょ","環境・リサイクル","大阪市指定喫煙所","","","","","","面積：8.74平方メートル，供用時間：月曜日から日曜日（祝日含む）の７時から20時まで，喫煙所形態：屋外閉鎖型喫煙所","","135.517542350128","34.664042120978","大阪市指定喫煙所"
"てんしば喫煙所","大阪市天王寺区茶臼山町","てんしばきつえんじょ","環境・リサイクル","大阪市指定喫煙所","","","","","","面積：8.74平方メートル，供用時間：月曜日から日曜日（祝日含む）の７時から20時まで，喫煙所形態：屋外閉鎖型喫煙所","","135.509999223269","34.6485719516931","大阪市指定喫煙所"
"出来島第二公園喫煙所","大阪市西淀川区出来島１丁目12番","できじまだいにこうえんきつえんじょ","環境・リサイクル","大阪市指定喫煙所","","","","","","面積：8.74平方メートル，供用時間：月曜日から日曜日（祝日含む）の７時から20時まで，喫煙所形態：屋外閉鎖型喫煙所","","135.437226707619","34.7076141104923","大阪市指定喫煙所"
"十三公園喫煙所","大阪市淀川区十三元今里１丁目","じゅうそうこうえんきつえんじょ","環境・リサイクル","大阪市指定喫煙所","","","","","","面積：8.74平方メートル，供用時間：月曜日から日曜日（祝日含む）の７時から20時まで，喫煙所形態：屋外閉鎖型喫煙所","","135.477487637701","34.7169653083396","大阪市指定喫煙所"
"加島駅前喫煙所","大阪市淀川区加島３丁目","かしまえきまえきつえんじょ","環境・リサイクル","大阪市指定喫煙所","","","","","","面積：11平方メートル，供用時間：月曜日から日曜日（祝日含む）の７時から20時まで，喫煙所形態：屋外閉鎖型喫煙所","","135.454044515681","34.7278346813914","大阪市指定喫煙所"
"淡路駅前喫煙所","大阪市東淀川区菅原５丁目","あわじえきまえきつえんじょ","環境・リサイクル","大阪市指定喫煙所","","","","","","面積：8.74平方メートル，供用時間：月曜日から日曜日（祝日含む）の７時から20時まで，喫煙所形態：屋外閉鎖型喫煙所","","135.519861872701","34.7404895238642","大阪市指定喫煙所"
"だいどう豊里駅前喫煙所","大阪市東淀川区大桐１丁目","だいどうとよさとえきまえきつえんじょ","環境・リサイクル","大阪市指定喫煙所","","","","","","面積：14.91平方メートル，供用時間：月曜日から日曜日（祝日含む）の７時から20時まで，喫煙所形態：屋外閉鎖型喫煙所","","135.54503512974","34.7436448126269","大阪市指定喫煙所"
"神路公園喫煙所","大阪市東成区東中本２丁目12番","かみじこうえんきつえんじょ","環境・リサイクル","大阪市指定喫煙所","","","","","","面積：11平方メートル，供用時間：月曜日から日曜日（祝日含む）の７時から20時まで，喫煙所形態：屋外閉鎖型喫煙所","","135.548956006825","34.6781435716284","大阪市指定喫煙所"
"東小橋北公園喫煙所","大阪市東成区東小橋１丁目９番","ひがしおばせきたこうえんきつえんじょ","環境・リサイクル","大阪市指定喫煙所","","","","","","面積：8.74平方メートル，供用時間：月曜日から日曜日（祝日含む）の７時から20時まで，喫煙所形態：屋外閉鎖型喫煙所","","135.533469885864","34.6733930337898","大阪市指定喫煙所"
"巽公園喫煙所","大阪市生野区巽西１丁目７番","たつみこうえんきつえんじょ","環境・リサイクル","大阪市指定喫煙所","","","","","","面積：8.74平方メートル，供用時間：月曜日から日曜日（祝日含む）の７時から20時まで，喫煙所形態：屋外閉鎖型喫煙所","","135.547316908116","34.6518241855123","大阪市指定喫煙所"
"巽東緑地喫煙所","大阪市生野区巽東４丁目９番10号","たつみひがしりょくちきつえんじょ","環境・リサイクル","大阪市指定喫煙所","","","","","","面積：8.74平方メートル，供用時間：月曜日から日曜日（祝日含む）の７時から20時まで，喫煙所形態：屋外閉鎖型喫煙所","","135.560156236096","34.643501210747","大阪市指定喫煙所"
"旭郵便局前喫煙所","大阪市旭区大宮１丁目","あさひゆうびんきょくまえきつえんじょ","環境・リサイクル","大阪市指定喫煙所","","","","","","面積：8.74平方メートル，供用時間：月曜日から日曜日（祝日含む）の７時から20時まで，喫煙所形態：屋外閉鎖型喫煙所","","135.548050727101","34.7208111716769","大阪市指定喫煙所"
"蒲生公園喫煙所","大阪市城東区中央３丁目","がもうこうえんきつえんじょ","環境・リサイクル","大阪市指定喫煙所","","","","","","面積：8.74平方メートル，供用時間：月曜日から日曜日（祝日含む）の７時から20時まで，喫煙所形態：屋外閉鎖型喫煙所","","135.544585541123","34.7035227614654","大阪市指定喫煙所"
"左専道公園喫煙所","大阪市城東区永田２丁目","させんどうこうえんきつえんじょ","環境・リサイクル","大阪市指定喫煙所","","","","","","面積：8.74平方メートル，供用時間：月曜日から日曜日（祝日含む）の７時から20時まで，喫煙所形態：屋外閉鎖型喫煙所","","135.557055891426","34.6871785825313","大阪市指定喫煙所"
"鯰江公園喫煙所","大阪市城東区今福西６丁目","なまずえこうえんきつえんじょ","環境・リサイクル","大阪市指定喫煙所","","","","","","面積：8.74平方メートル，供用時間：月曜日から日曜日（祝日含む）の７時から20時まで，喫煙所形態：屋外閉鎖型喫煙所","","135.551826964413","34.7044533443514","大阪市指定喫煙所"
"新森古市駅前喫煙所","大阪市城東区古市３丁目","しんもりふるいちえきまえきつえんじょ","環境・リサイクル","大阪市指定喫煙所","","","","","","面積：13.28平方メートル，供用時間：月曜日から日曜日（祝日含む）の７時から20時まで，喫煙所形態：屋外閉鎖型喫煙所","","135.558682635974","34.7150355316804","大阪市指定喫煙所"
"鶴見緑地北喫煙所","大阪市鶴見区緑３丁目","りょくちこうえんきたきつえんじょ","環境・リサイクル","大阪市指定喫煙所","","","","","","面積：8.74平方メートル，供用時間：月曜日から日曜日（祝日含む）の７時から20時まで，喫煙所形態：屋外閉鎖型喫煙所","","135.567816192672","34.7166863897841","大阪市指定喫煙所"
"鶴見緑地南喫煙所","大阪市鶴見区緑地公園","りょくちこうえんみなみきつえんじょ","環境・リサイクル","大阪市指定喫煙所","","","","","","面積：8.74平方メートル，供用時間：月曜日から日曜日（祝日含む）の７時から20時まで，喫煙所形態：屋外閉鎖型喫煙所","","135.579698369188","34.7106247474094","大阪市指定喫煙所"
"文の里駅前喫煙所","大阪市阿倍野区松崎町４丁目11番","ふみのさとえきまえきつえんじょ","環境・リサイクル","大阪市指定喫煙所","","","","","","面積：8.74平方メートル，供用時間：月曜日から日曜日（祝日含む）の７時から20時まで，喫煙所形態：屋外閉鎖型喫煙所","","135.517367065278","34.6369856945589","大阪市指定喫煙所"
"ハルカス前喫煙所","大阪市阿倍野区阿倍野筋１丁目","はるかすまえきつえんじょ","環境・リサイクル","大阪市指定喫煙所","","","","","","面積：8.74平方メートル，供用時間：月曜日から日曜日（祝日含む）の７時から20時まで，喫煙所形態：屋外閉鎖型喫煙所","","135.514839052819","34.6461041666499","大阪市指定喫煙所"
"長池公園喫煙所","大阪市阿倍野区西田辺町１丁目10番","ながいけこうえんきつえんじょ","環境・リサイクル","大阪市指定喫煙所","","","","","","面積：8.74平方メートル，供用時間：月曜日から日曜日（祝日含む）の７時から20時まで，喫煙所形態：屋外閉鎖型喫煙所","","135.518326153182","34.6209536739569","大阪市指定喫煙所"
"美章園駅前喫煙所","大阪市阿倍野区美章園３丁目５番１号","びしょうえんえきまえきつえんじょ","環境・リサイクル","大阪市指定喫煙所","","","","","","面積：11.55平方メートル，供用時間：月曜日から日曜日（祝日含む）の終日，喫煙所形態：屋外開放型喫煙所","","135.523624982438","34.6377790960156","大阪市指定喫煙所"
"コスモスクエア駅前喫煙所","大阪市住之江区南港北１丁目29番","こすもすくえあえきまえきつえんじょ","環境・リサイクル","大阪市指定喫煙所","","","","","","面積：26.33平方メートル，供用時間：月曜日から日曜日（祝日含む）の終日，喫煙所形態：屋外開放型喫煙所","","135.411913723095","34.6420115697666","大阪市指定喫煙所"
"長居駅前喫煙所","大阪市住吉区長居東４丁目８番","ながいえきまえきつえんじょ","環境・リサイクル","大阪市指定喫煙所","","","","","","面積：16.65平方メートル，供用時間：月曜日から日曜日（祝日含む）の終日，喫煙所形態：屋外開放型喫煙所","","135.511597615481","34.6090871643237","大阪市指定喫煙所"
"我孫子町駅前喫煙所","大阪市住吉区我孫子３丁目","あびこちょうえきまえきつえんじょ","環境・リサイクル","大阪市指定喫煙所","","","","","","面積：16.65平方メートル，供用時間：月曜日から日曜日（祝日含む）の終日，喫煙所形態：屋外開放型喫煙所","","135.506315236676","34.6014484314129","大阪市指定喫煙所"
"平野駅前喫煙所","大阪市平野区平野元町９丁目","ひらのえきまえきつえんじょ","環境・リサイクル","大阪市指定喫煙所","","","","","","面積：11平方メートル，供用時間：月曜日から日曜日（祝日含む）の７時から20時まで，喫煙所形態：屋外閉鎖型喫煙所","","135.551439040946","34.6310861634365","大阪市指定喫煙所"
"出戸５丁目喫煙所","大阪市平野区長吉出戸５丁目３番","でと５ちょうめきつえんじょ","環境・リサイクル","大阪市指定喫煙所","","","","","","面積：13.28平方メートル，供用時間：月曜日から日曜日（祝日含む）の７時から20時まで，喫煙所形態：屋外閉鎖型喫煙所","","135.570540158835","34.6087985967356","大阪市指定喫煙所"
"瓜破霊園喫煙所","大阪市平野区瓜破東４丁目","うりわりれいえんきつえんじょ","環境・リサイクル","大阪市指定喫煙所","","","","","","面積：15.21平方メートル，供用時間：月曜日から日曜日（祝日含む）の終日，喫煙所形態：屋外開放型喫煙所","","135.559641311933","34.6044415448467","大阪市指定喫煙所"
"天下茶屋駅前北喫煙所","大阪市西成区天下茶屋２丁目65番","てんがちゃやえきまえきたきつえんじょ","環境・リサイクル","大阪市指定喫煙所","","","","","","面積：8.74平方メートル，供用時間：月曜日から日曜日（祝日含む）の７時から20時まで，喫煙所形態：屋外閉鎖型喫煙所","","135.497093907198","34.637339623536","大阪市指定喫煙所"
"玉出南公園喫煙所","大阪市西成区玉出中２丁目13番","たまでみなみこうえんきつえんじょ","環境・リサイクル","大阪市指定喫煙所","","","","","","面積：8.74平方メートル，供用時間：月曜日から日曜日（祝日含む）の７時から20時まで，喫煙所形態：屋外閉鎖型喫煙所","","135.491809395411","34.6235629733651","大阪市指定喫煙所"
"京橋駅喫煙所","大阪市都島区東野田町３丁目10番４号","きょうばしえききつえんじょ","環境・リサイクル","大阪市指定喫煙所","","","","","","面積：13.07平方メートル，供用時間：月曜日から日曜日（祝日含む）の５時30分から25時まで，喫煙所形態：屋外閉鎖型喫煙所","","135.533457875724","34.698430775411","大阪市指定喫煙所"
"シナプス心斎橋喫煙所","大阪市中央区南船場２丁目８番11号　１階","しなぷすしんさいばしきつえんじょ","環境・リサイクル","大阪市指定喫煙所","","","","","","面積：4.18平方メートル，供用時間：月曜日から金曜日（祝日除く）の８時から18時まで，喫煙所形態：屋外閉鎖型喫煙所","","135.504633727248","34.677625105743","大阪市指定喫煙所"
"心斎橋東クリスタルホテル喫煙所","大阪市中央区島之内２丁目４番28号","しんさいばしひがしくりすたるほてるきつえんじょ","環境・リサイクル","大阪市指定喫煙所","","","","","","面積：4.06平方メートル，供用時間：月曜日から金曜日（祝日除く）の８時から18時まで，喫煙所形態：屋外閉鎖型喫煙所","","135.509187733096","34.669999146612","大阪市指定喫煙所"
"道頓堀クリスタルホテルⅡ喫煙所","大阪市中央区瓦屋町２丁目17番４号","どうとんぼりくりすたるほてるⅡきつえんじょ","環境・リサイクル","大阪市指定喫煙所","","","","","","面積：4.18平方メートル，供用時間：月曜日から金曜日（祝日除く）の８時から18時まで，喫煙所形態：屋外閉鎖型喫煙所","","135.510962175982","34.6709128343409","大阪市指定喫煙所"
"道頓堀クリスタルエグゼ喫煙所","大阪市中央区瓦屋町３丁目６番19号","どうとんぼりくりすたるえぐぜきつえんじょ","環境・リサイクル","大阪市指定喫煙所","","","","","","面積：4.5平方メートル，供用時間：月曜日から金曜日（祝日除く）の８時から18時まで，喫煙所形態：屋外閉鎖型喫煙所","","135.511700667396","34.6689458921608","大阪市指定喫煙所"
"新世界環境公共喫煙所","大阪市浪速区恵美須東２丁目１番２の一部、１番193の一部","しんせいかいかんきょうこうきょうきつえんじょ","環境・リサイクル","大阪市指定喫煙所","","","","","","面積：4.65平方メートル，供用時間：月曜日から日曜日（祝日含む）の終日，喫煙所形態：屋外開放型喫煙所","","135.50698261353","34.651936824115","大阪市指定喫煙所"
"ローソン東住吉湯里二丁目店喫煙所","大阪市東住吉区湯里２丁目18番11号","ろーそんひがしすみよしゆざとにちょうめてんきつえんじょ","環境・リサイクル","大阪市指定喫煙所","","","","","","面積：5平方メートル，供用時間：月曜日から日曜日（祝日含む）の終日，喫煙所形態：屋内喫煙所","","135.538288859017","34.6161970076127","大阪市指定喫煙所"
"＆will Smoking Space 浜口","大阪市住之江区浜口東３丁目４番17号-B1","あんどういるすもーきんぐすぺーすはまぐち","環境・リサイクル","大阪市指定喫煙所","","","","","","面積：5.42平方メートル，供用時間：月曜日から金曜日（祝日除く）の９時から18時まで，喫煙所形態：屋内喫煙所","","135.486527422641","34.6090726139004","大阪市指定喫煙所"
"＆will Smoking Space 粉浜","大阪市住之江区粉浜１丁目27番19号","あんどういるすもーきんぐすぺーすこはま","環境・リサイクル","大阪市指定喫煙所","","","","","","面積：21.31平方メートル，供用時間：月曜日から金曜日（祝日除く）の９時から17時まで，喫煙所形態：屋内喫煙所","","135.490712593989","34.6190784928689","大阪市指定喫煙所"
"アパートポンペイ１階喫煙所","大阪市西成区萩之茶屋３丁目２番３号　アパートポンペイ","あぱーとぽんぺい１かいきつえんじょ","環境・リサイクル","大阪市指定喫煙所","","","","","","面積：8.6平方メートル，供用時間：月曜日から日曜日（祝日含む）の終日，喫煙所形態：屋内喫煙所","","135.501361616883","34.6450493651634","大阪市指定喫煙所"
"Ｐ・ＲＯＯＴｓ喫煙所","大阪市西成区梅南１丁目１番26号","ぴーるーつきつえんじょ","環境・リサイクル","大阪市指定喫煙所","","","","","","面積：2.52平方メートル，供用時間：月曜日から日曜日（祝日含む）の終日，喫煙所形態：屋外開放型喫煙所","","135.495678096269","34.6434404762124","大阪市指定喫煙所"
"P-ROOTｓ ＭＡＮＤＯＲＥ屋内喫煙所（北西）","大阪市住吉区我孫子３丁目13番16号","ぴーるーつまんどれきつえんじょ（ほくせい）","環境・リサイクル","大阪市指定喫煙所","","","","","","面積：1.9平方メートル，供用時間：月曜日から日曜日（祝日含む）の10時から22時50分まで，喫煙所形態：屋内喫煙所","","135.507097066087","34.6020293164505","大阪市指定喫煙所"
"P-ROOTｓ ＭＡＮＤＯＲＥ屋内喫煙所（南西）","大阪市住吉区我孫子３丁目13番16号","ぴーるーつまんどれきつえんじょ（なんせい）","環境・リサイクル","大阪市指定喫煙所","","","","","","面積：1.9平方メートル，供用時間：月曜日から日曜日（祝日含む）の10時から22時50分まで，喫煙所形態：屋内喫煙所","","135.507029405398","34.6019479071435","大阪市指定喫煙所"
"P-ROOTｓ ＭＡＮＤＯＲＥ屋内喫煙所（中央）","大阪市住吉区我孫子３丁目13番16号","ぴーるーつまんどれきつえんじょ（ちゅうおう）","環境・リサイクル","大阪市指定喫煙所","","","","","","面積：2.8平方メートル，供用時間：月曜日から日曜日（祝日含む）の10時から22時50分まで，喫煙所形態：屋内喫煙所","","135.507032756823","34.6018419928972","大阪市指定喫煙所"
"P-ROOTｓ ＭＡＮＤＯＲＥ屋内喫煙所（東）","大阪市住吉区我孫子３丁目13番16号","ぴーるーつまんどれきつえんじょ（ひがし）","環境・リサイクル","大阪市指定喫煙所","","","","","","面積：2.2平方メートル，供用時間：月曜日から日曜日（祝日含む）の10時から22時50分まで，喫煙所形態：屋内喫煙所","","135.507227232612","34.6016805056122","大阪市指定喫煙所"
"西梅田公園喫煙所","大阪市北区梅田2丁目6番","にしうめだこうえんきつえんじょ","環境・リサイクル","大阪市指定喫煙所","","","","","","面積：17.4平方メートル，供用時間：月曜日から日曜日（祝日含む）の終日，喫煙所形態：屋外開放型喫煙所（加熱式たばこ専用と紙巻たばこ専用のエリアを分けたハイブリッド型喫煙所）","","135.490819156016","34.6977376446568","大阪市指定喫煙所"
"城見緑道南喫煙所","大阪市中央区城見1丁目","しろみりょくどうみなみきつえんじょ","環境・リサイクル","大阪市指定喫煙所","","","","","","面積：11.08平方メートル，供用時間：月曜日から日曜日（祝日含む）の終日，喫煙所形態：屋外開放型喫煙所（加熱式たばこ専用と紙巻たばこ専用のエリアを分けたハイブリッド型喫煙所）","","135.531700558019","34.6906279933053","大阪市指定喫煙所"
"城見緑道北喫煙所","大阪市中央区城見2丁目","しろみりょくどうきたきつえんじょ","環境・リサイクル","大阪市指定喫煙所","","","","","","面積：12.72平方メートル，供用時間：月曜日から日曜日（祝日含む）の終日，喫煙所形態：屋外開放型喫煙所（加熱式たばこ専用と紙巻たばこ専用のエリアを分けたハイブリッド型喫煙所）","","135.53135940796","34.6940213693993","大阪市指定喫煙所"
"西横堀公園喫煙所","大阪市西区立売堀1丁目（西横堀公園内）","にしよこぼりこうえんきつえんじょ","環境・リサイクル","大阪市指定喫煙所","","","","","","面積：51.6平方メートル，供用時間：月曜日から日曜日（祝日含む）の終日，喫煙所形態：屋外開放型喫煙所（加熱式たばこ専用と紙巻たばこ専用のエリアを分けたハイブリッド型喫煙所）","","135.497708744949","34.680025273638","大阪市指定喫煙所"
"ポートタウン東駅前喫煙所","大阪市住之江区南港中2丁目","ぽーとたうんひがしえきまえきつえんじょ","環境・リサイクル","大阪市指定喫煙所","","","","","","面積：17.4平方メートル，供用時間：月曜日から日曜日（祝日含む）の終日，喫煙所形態：屋外開放型喫煙所（加熱式たばこ専用と紙巻たばこ専用のエリアを分けたハイブリッド型喫煙所）","","135.428837076728","34.631333333306","大阪市指定喫煙所"
"東中浜喫煙所","大阪市城東区東中浜３丁目６番１号","ひがしなかはまきつえんじょ","環境・リサイクル","大阪市指定喫煙所","","","","","","面積：2.8平方メートル，供用時間：月曜日から日曜日（祝日含む）の6時から20時まで，喫煙所形態：屋内喫煙所","","135.545726109157","34.6824646892493","大阪市指定喫煙所"
"キコーナ今福店喫煙所","大阪市城東区今福東１丁目９番16号","きこーないまふくてんきつえんじょ","環境・リサイクル","大阪市指定喫煙所","","","","","","面積：4.32平方メートル，供用時間：月曜日から日曜日（祝日含む）の10時から22時40分まで，喫煙所形態：屋内喫煙所","","135.557724497337","34.7008166485641","大阪市指定喫煙所"
"夫婦橋喫煙所","大阪市北区天神橋４丁目","めおとばしきつえんじょ","環境・リサイクル","大阪市指定喫煙所","","","","","","面積：20.3平方メートル，供用時間：月曜日から日曜日（祝日含む）の終日，喫煙所形態：屋外開放型喫煙所（加熱式たばこ専用と紙巻たばこ専用のエリアを分けたハイブリッド型喫煙所）","","135.511563306673","34.702915205137","大阪市指定喫煙所"
"小松原町喫煙所","大阪市北区小松原町","こまつばらちょうきつえんじょ","環境・リサイクル","大阪市指定喫煙所","","","","","","面積：14.82平方メートル，供用時間：月曜日から日曜日（祝日含む）の終日，喫煙所形態：屋外開放型喫煙所（加熱式たばこ専用と紙巻たばこ専用のエリアを分けたハイブリッド型喫煙所）","","135.500310954169","34.7020736948642","大阪市指定喫煙所"
"天神橋南詰喫煙所","大阪市中央区北浜東","てんじんばしみなみづめきつえんじょ","環境・リサイクル","大阪市指定喫煙所","","","","","","面積：17.38平方メートル，供用時間：月曜日から日曜日（祝日含む）の終日，喫煙所形態：屋外開放型喫煙所（加熱式たばこ専用と紙巻たばこ専用のエリアを分けたハイブリッド型喫煙所）","","135.511500430917","34.6903821707698","大阪市指定喫煙所"
"四ツ橋筋交差点喫煙所","大阪市西区新町１丁目","よつばしすじこうさてんきつえんじょ","環境・リサイクル","大阪市指定喫煙所","","","","","","面積：24平方メートル，供用時間：月曜日から日曜日（祝日含む）の終日，喫煙所形態：屋外開放型喫煙所（加熱式たばこ専用と紙巻たばこ専用のエリアを分けたハイブリッド型喫煙所）","","135.497275905217","34.675229539475","大阪市指定喫煙所"
"新大阪駅北喫煙所","大阪市淀川区宮原３丁目","しんおおさかえききたきつえんじょ","環境・リサイクル","大阪市指定喫煙所","","","","","","面積：29.6平方メートル，供用時間：月曜日から日曜日（祝日含む）の終日，喫煙所形態：屋外開放型喫煙所（加熱式たばこ専用と紙巻たばこ専用のエリアを分けたハイブリッド型喫煙所）","","135.49768549947","34.7340967156922","大阪市指定喫煙所"
"新大阪駅南喫煙所","大阪市淀川区西中島５丁目","しんおおさかえきみなみきつえんじょ","環境・リサイクル","大阪市指定喫煙所","","","","","","面積：18.8平方メートル，供用時間：月曜日から日曜日（祝日含む）の終日，喫煙所形態：屋外開放型喫煙所（加熱式たばこ専用と紙巻たばこ専用のエリアを分けたハイブリッド型喫煙所）","","135.499850360303","34.7323116891501","大阪市指定喫煙所"
"居酒屋　かずやん","大阪市西区新町１丁目23番５号","いざかや　かずやん","環境・リサイクル","情報提供登録喫煙所","","","","","","面積等：23.14㎡，喫煙できるたばこ：紙巻き、加熱式，開業時間：月～金　17：00～23：00
（休業日）土・日・祝日，喫煙所のみの利用：不可（店舗利用必要）","","135.495826100578","34.6764504428635","情報提供喫煙所"
"大阪トヨタNorth株式会社　福島店","大阪市福島区福島５丁目17番２号","おおさかとよたのーすかぶしきがいしゃ　ふくしまてん","環境・リサイクル","情報提供登録喫煙所","","","https://n-osaka-toyota.jp/store/fukushima","","","面積等：4㎡，喫煙できるたばこ：紙巻き、加熱式，開業時間：月～金（祝日除く）　10：00～18：00
土、日（祝日除く）　10：00～19：00
（休業日）第2火曜日、ゴールデンウイーク、夏季休業、年末年始，喫煙所のみの利用：不可（店舗利用必要）","","135.485179780528","34.6951725173575","情報提供喫煙所"
"大阪トヨタNorth株式会社　松屋町店","大阪市中央区和泉町２丁目３番８号","おおさかとよたのーすかぶしきがいしゃ　まつやまちてん","環境・リサイクル","情報提供登録喫煙所","","","https://n-osaka-toyota.jp/store/matsuyamachi","","","面積等：4㎡，喫煙できるたばこ：紙巻き、加熱式，開業時間：月～金（祝日除く）　10：00～18：00
土、日（祝日除く）　10：00～19：00
（休業日）第2火曜日、ゴールデンウイーク、夏季休業、年末年始，喫煙所のみの利用：不可（店舗利用必要）","","135.512633482662","34.6795997511689","情報提供喫煙所"
"大阪トヨタNorth株式会社　西店","大阪市西区川口２丁目６番11号","おおさかとよたのーすかぶしきがいしゃ　にしてん","環境・リサイクル","情報提供登録喫煙所","","","https://n-osaka-toyota.jp/store/nishi","","","面積等：4㎡，喫煙できるたばこ：紙巻き、加熱式，開業時間：月～金（祝日除く）　10：00～18：00
土、日（祝日除く）　10：00～19：00
（休業日）第2火曜日、ゴールデンウイーク、夏季休業、年末年始，喫煙所のみの利用：不可（店舗利用必要）","","135.480883625107","34.6813578678532","情報提供喫煙所"
"大阪トヨタNorth株式会社　野里店","大阪市西淀川区姫里１丁目16番22号","おおさかとよたのーすかぶしきがいしゃ　のざとてん","環境・リサイクル","情報提供登録喫煙所","","","https://n-osaka-toyota.jp/store/nozato","","","面積等：4㎡，喫煙できるたばこ：紙巻き、加熱式，開業時間：月、水～金（祝日含む）　10：00～18：00
土、日（祝日含む）　10：00～19：00
（休業日）第2月曜日、ゴールデンウイーク、夏季休業、年末年始，喫煙所のみの利用：不可（店舗利用必要）","","135.461130977074","34.7059032085182","情報提供喫煙所"
"大阪トヨタNorth株式会社　サンテラス十三店","大阪市淀川区新高１丁目９番35号","おおさかとよたのーすかぶしきがいしゃ　さんてらすじゅうそうてん","環境・リサイクル","情報提供登録喫煙所","","","https://n-osaka-toyota.jp/store/juso","","","面積等：4㎡，喫煙できるたばこ：紙巻き、加熱式，開業時間：月、水～金（祝日含む）　10：00～18：00
土、日（祝日含む）　10：00～19：00
（休業日）第2月曜日、ゴールデンウイーク、夏季休業、年末年始，喫煙所のみの利用：不可（店舗利用必要）","","135.482631905629","34.73179522003","情報提供喫煙所"
"大阪トヨタNorth株式会社　吹田店","大阪市東淀川区下新庄６丁目９番22号","おおさかとよたのーすかぶしきがいしゃ　すいたてん","環境・リサイクル","情報提供登録喫煙所","","","https://n-osaka-toyota.jp/store/suita","","","面積等：4㎡，喫煙できるたばこ：紙巻き、加熱式，開業時間：月、水～金（祝日含む）　10：00～18：00
土、日（祝日含む）　10：00～19：00
（休業日）第2月曜日、ゴールデンウイーク、夏季休業、年末年始，喫煙所のみの利用：不可（店舗利用必要）","","135.527300659041","34.7475527948737","情報提供喫煙所"
"大阪トヨタNorth株式会社　GR　Garage　ASAHI","大阪市旭区高殿２丁目21番３号","おおさかとよたのーすかぶしきがいしゃ　じーあーる　がれーじ　あさひ","環境・リサイクル","情報提供登録喫煙所","","","https://n-osaka-toyota.jp/garage","","","面積等：4㎡，喫煙できるたばこ：紙巻き、加熱式，開業時間：月、水～日（祝日含む）　11：30～18：00
（休業日）第2・第4月曜日、ゴールデンウイーク、夏季休業、年末年始，喫煙所のみの利用：不可（店舗利用必要）","","135.538160868548","34.7204655236275","情報提供喫煙所"
"大阪トヨタNorth株式会社　城東店","大阪市城東区関目１丁目１番５号","おおさかとよたのーすかぶしきがいしゃ　じょうとうてん","環境・リサイクル","情報提供登録喫煙所","","","https://n-osaka-toyota.jp/store/joto","","","面積等：4㎡，喫煙できるたばこ：紙巻き、加熱式，開業時間：月、水～金（祝日含む）　10：00～18：00
土、日（祝日含む）　10：00～19：00
（休業日）第2月曜日、ゴールデンウイーク、夏季休業、年末年始，喫煙所のみの利用：不可（店舗利用必要）","","135.546777223999","34.7050480085809","情報提供喫煙所"
"大阪トヨタSouth株式会社　天王寺店","大阪市天王寺区大道２丁目10番17号","おおさかとよたさうすかぶしきがいしゃ　てんのうじてん","環境・リサイクル","情報提供登録喫煙所","","","https://s-osaka-toyota.jp/store/tennoji","","","面積等：8㎡，喫煙できるたばこ：紙巻き、加熱式，開業時間：月、水～金（祝日含む）　10：00～18：00
土、日（祝日含む）　10：00～19：00
（休業日）第2月曜日、ゴールデンウイーク、夏季休業、年末年始，喫煙所のみの利用：不可（店舗利用必要）","","135.518607794538","34.6512610943868","情報提供喫煙所"
"大阪トヨタSouth株式会社　生野店","大阪市生野区巽中１丁目25番２号","おおさかとよたさうすかぶしきがいしゃ　いくのてん","環境・リサイクル","情報提供登録喫煙所","","","https://s-osaka-toyota.jp/store/ikuno","","","面積等：1.5㎡，喫煙できるたばこ：紙巻き、加熱式，開業時間：月、水～金（祝日含む）　10：00～18：00
土、日（祝日含む）　10：00～19：00
（休業日）第2月曜日、ゴールデンウイーク、夏季休業、年末年始，喫煙所のみの利用：不可（店舗利用必要）","","135.553991827514","34.6528758379394","情報提供喫煙所"
"大阪トヨタSouth株式会社　東住吉店","大阪市東住吉区今川５丁目１番24号","おおさかとよたさうすかぶしきがいしゃ　ひがしすみよしてん","環境・リサイクル","情報提供登録喫煙所","","","https://s-osaka-toyota.jp/store/higashisumiyoshi","","","面積等：1.5㎡，喫煙できるたばこ：紙巻き、加熱式，開業時間：月、水～金（祝日含む）　10：00～18：00
土、日（祝日含む）　10：00～19：00
（休業日）第2月曜日、ゴールデンウイーク、夏季休業、年末年始，喫煙所のみの利用：不可（店舗利用必要）","","135.538794032553","34.6284368032187","情報提供喫煙所"
"大阪トヨタSouth株式会社　住之江店","大阪市住之江区北加賀屋５丁目６番１号","おおさかとよたさうすかぶしきがいしゃ　すみのえてん","環境・リサイクル","情報提供登録喫煙所","","","https://s-osaka-toyota.jp/store/suminoe","","","面積等：1.5㎡，喫煙できるたばこ：紙巻き、加熱式，開業時間：月、水～金（祝日含む）　10：00～18：00
土、日（祝日含む）　10：00～19：00
（休業日）第2月曜日、ゴールデンウイーク、夏季休業、年末年始，喫煙所のみの利用：不可（店舗利用必要）","","135.475396367286","34.6209815954602","情報提供喫煙所"
"大阪トヨタSouth株式会社　中環平野店","大阪市平野区長吉出戸７丁目１番18号","おおさかとよたさうすかぶしきがいしゃ　ちゅうかんひらのてん","環境・リサイクル","情報提供登録喫煙所","","","https://s-osaka-toyota.jp/store/hirano","","","面積等：2.5㎡，喫煙できるたばこ：紙巻き、加熱式，開業時間：月、水～金（祝日含む）　10：00～18：00
土、日（祝日含む）　10：00～19：00
（休業日）第2月曜日、ゴールデンウイーク、夏季休業、年末年始，喫煙所のみの利用：不可（店舗利用必要）","","135.574054843171","34.6160505982157","情報提供喫煙所"
"タリーズコーヒーJRE梅田スクエアビルディング店","大阪市北区梅田１丁目12番17号　梅田スクエアビル１階","たりーずこーひーじぇいあーるいーうめだすくえあびるでぃんぐてん","環境・リサイクル","情報提供登録喫煙所","","","https://shop.tullys.co.jp/detail/1000053","","","面積等：14.96㎡，喫煙できるたばこ：加熱式専用，開業時間：月～日（祝日含む）8:00～22:00，喫煙所のみの利用：不可（店舗利用必要）","","135.497879833168","34.7005492333011","情報提供喫煙所"
"タリーズコーヒー新大阪阪急ビル店","大阪市淀川区宮原１丁目１番１号　新大阪阪急ビル３階","たりーずこーひーしんおおさかはんきゅうびるてん","環境・リサイクル","情報提供登録喫煙所","","","https://shop.tullys.co.jp/detail/1000685","","","面積等：7.5㎡，喫煙できるたばこ：紙巻き、加熱式，開業時間：月～日（祝日含む）7:00～22:00，喫煙所のみの利用：不可（店舗利用必要）","","135.499436142552","34.7337836579914","情報提供喫煙所"
"タリーズコーヒーホテル阪神大阪店","大阪市福島区福島５丁目６番16号","たりーずこーひーほてるはんしんおおさかてん","環境・リサイクル","情報提供登録喫煙所","","","https://shop.tullys.co.jp/detail/1000838","","","面積等：38㎡，喫煙できるたばこ：加熱式専用，開業時間：月～日（祝日含む）7:00～22:00，喫煙所のみの利用：不可（店舗利用必要）","","135.487920534136","34.6969719185842","情報提供喫煙所"
"喫茶和光","大阪市旭区大宮１丁目14番19号　１階","きっさわこう","環境・リサイクル","情報提供登録喫煙所","","","","","","面積等：2㎡，喫煙できるたばこ：紙巻き、加熱式，開業時間：月～日（祝日含む）7:00～17:00
（休業日）不定休，喫煙所のみの利用：不可（店舗利用必要）","","135.547170520528","34.721240109054","情報提供喫煙所"
"アプレシオ梅田店","大阪市北区小松原町４番32号　北大阪東通ビル４F","あぷれしおうめだてん","環境・リサイクル","情報提供登録喫煙所","","","","","","面積等：3.75㎡，喫煙できるたばこ：紙巻き、加熱式，開業時間：月～日（祝日含む）終日，喫煙所のみの利用：不可（店舗利用必要）","","135.501440256905","34.7027323168599","情報提供喫煙所"
"お好み焼き 満月","大阪市都島区大東町２丁目５番25号","おこのみやき まんげつ","環境・リサイクル","情報提供登録喫煙所","","","","","","面積等：27㎡，喫煙できるたばこ：紙巻き、加熱式，開業時間：月、火、木～日（祝日含む）
11：30～14：00、17：00～22：00，喫煙所のみの利用：不可（店舗利用必要）","店舗全面喫煙可能","135.528151409019","34.7237659286089","情報提供喫煙所"
"ＴＥＮＩＣＨＩ寺田町店喫煙所","大阪市阿倍野区天王寺町北２丁目１番４号","てんいちてらだちょうてんきつえんじょ","環境・リサイクル","大阪市指定喫煙所","","","","","","面積：２平方メートル，供用時間：月曜日から日曜日（祝日含む）の１０時から22時30分まで，喫煙所形態：屋内喫煙所","","135.524339000565","34.6481449346737","大阪市指定喫煙所"
"キコーナ十三店喫煙所","大阪市淀川区十三本町１丁目５番２０号","きこーなじゅうそうてんきつえんじょ","環境・リサイクル","大阪市指定喫煙所","","","","","","面積：3.18平方メートル，供用時間：月曜日から日曜日（祝日含む）の１０時から22時30分まで，喫煙所形態：屋内喫煙所","","135.482026038413","34.7195546115395","大阪市指定喫煙所"
"ＴＥＮＩＣＨＩ生野店喫煙所","大阪市生野区小路東２丁目11番16号","てんいちいくのてんきつえんじょ","環境・リサイクル","大阪市指定喫煙所","","","","","","面積：２平方メートル，供用時間：月曜日から日曜日（祝日含む）の10時から22時30分まで，喫煙所形態：屋内喫煙所","","135.556545618201","34.661601650813","大阪市指定喫煙所"
"ホルモン　たろちゃん　大正橋店","大阪市大正区三軒家東１丁目２番６号","ほるもん　たろちゃん　たいしょうばしてん","環境・リサイクル","情報提供登録喫煙所","","","","","","面積等：26.4㎡，喫煙できるたばこ：紙巻き、加熱式，開業時間：月～日（祝日含む）11:00～24:00
（休業日）不定休，喫煙所のみの利用：不可（店舗利用必要）","店舗全面喫煙可能","135.479630054404","34.6666239080774","情報提供喫煙所"
"新御堂筋高架下喫煙所","大阪市北区堂山町","しんみどうすじこうかしたきつえんじょ","環境・リサイクル","大阪市指定喫煙所","","","","","","面積：37.54平方メートル，供用時間：月曜日から日曜日（祝日含む）の終日，喫煙所形態：屋外開放型喫煙所（加熱式たばこ専用と紙巻たばこ専用のエリアを分けたハイブリッド型喫煙所）","","135.501825926158","34.7027382664665","大阪市指定喫煙所"
"堂山町喫煙所","大阪市北区小松原町","どうやまちょうきつえんじょ","環境・リサイクル","大阪市指定喫煙所","","","","","","面積：55.14平方メートル，供用時間：月曜日から日曜日（祝日含む）の終日，喫煙所形態：屋外開放型喫煙所（加熱式たばこ専用と紙巻たばこ専用のエリアを分けたハイブリッド型喫煙所）","","135.501450206951","34.7036796488194","大阪市指定喫煙所"
"ファミリーマート天六駅前店","大阪市北区本庄東１丁目１番１号","ふぁみりーまーとてんろくえきまえてん","環境・リサイクル","情報提供登録喫煙所","","","","","","面積等：3.45㎡，喫煙できるたばこ：紙巻き、加熱式，開業時間：月～日（祝日含む）6:00～24:00，喫煙所のみの利用：可","","135.510459392417","34.7111966751042","情報提供喫煙所"
"プロムナードカフェ阪急三番街店","大阪市北区芝田1丁目1番３号　阪急三番街北館１F","ぷろむなーどかふぇ　はんきゅうさんばんがいてん","環境・リサイクル","情報提供登録喫煙所","","","https://www.promenade-cafe.com/shop/","","","面積等：3㎡，喫煙できるたばこ：紙巻き、加熱式，開業時間：月～日（祝日含む）8:00～22:00，喫煙所のみの利用：不可（店舗利用必要）","","135.498651912832","34.7057329998446","情報提供喫煙所"
"プロムナードカフェクリスタ長堀店","大阪市中央区南船場４丁目　クリスタ長堀０－１号","ぷろむなーどかふぇ　くりすたながほりてん","環境・リサイクル","情報提供登録喫煙所","","","https://www.promenade-cafe.com/shop/","","","面積等：3㎡，喫煙できるたばこ：紙巻き、加熱式，開業時間：月～日（祝日含む）8:00～22:00，喫煙所のみの利用：不可（店舗利用必要）","","135.498174331714","34.6751990110162","情報提供喫煙所"
"プロムナードカフェあべちか店","大阪市天王寺区堀越町アベノ地下街８号","ぷろむなーどかふぇ　あべちかてん","環境・リサイクル","情報提供登録喫煙所","","","https://www.promenade-cafe.com/shop/","","","面積等：4㎡，喫煙できるたばこ：紙巻き、加熱式，開業時間：月～日（祝日含む）8:00～22:00，喫煙所のみの利用：不可（店舗利用必要）","","135.512990996949","34.6479619866397","情報提供喫煙所"
"PURI・PURI 本店 ２階喫煙所","大阪市福島区海老江1丁目1番59号　２階","ぷりぷりほんてん２かいきつえんじょ","環境・リサイクル","大阪市指定喫煙所","","","","","","面積：２平方メートル，供用時間：月曜日から日曜日（祝日含む）の10時から22時45分まで，喫煙所形態：屋内喫煙所","","135.476769522691","34.6948931255934","大阪市指定喫煙所"
"PURI・PURI 600 喫煙所（北）","大阪市福島区吉野1丁目20番23号","ぷりぷり600きつえんじょ（きた）","環境・リサイクル","大阪市指定喫煙所","","","","","","面積：２平方メートル，供用時間：月曜日から日曜日（祝日含む）の10時から22時45分まで，喫煙所形態：屋内喫煙所","","135.477102076841","34.6938173744478","大阪市指定喫煙所"
"PURI・PURI 600 喫煙所（南）","大阪市福島区吉野1丁目20番23号","ぷりぷり601きつえんじょ（みなみ）","環境・リサイクル","大阪市指定喫煙所","","","","","","面積：２平方メートル，供用時間：月曜日から日曜日（祝日含む）の10時から22時45分まで，喫煙所形態：屋内喫煙所","","135.477106350335","34.6935717342639","大阪市指定喫煙所"
"上島珈琲店　新大阪店","大阪市淀川区宮原4丁目3番12号　新大阪明幸ビル1F","うえしまこーひーてん　しんおおさかてん","環境・リサイクル","情報提供登録喫煙所","","","https://shop.ufs.co.jp/ufs/spot/detail?code=4033","","","面積等：加熱式たばこ専用席8席、喫煙ブース併設，喫煙できるたばこ：紙巻き、加熱式，開業時間：平日7:00～19:00 / 土日祝 8:00～19:00，喫煙所のみの利用：不可（店舗利用必要）","","135.494469317002","34.735477616879","情報提供喫煙所"
"上島珈琲店　黒門市場前店","大阪市中央区日本橋1丁目18番3号　日本橋旭ビル別館1・2F","うえしまこーひーてん　くろもんいちばまえてん","環境・リサイクル","情報提供登録喫煙所","","","https://shop.ufs.co.jp/ufs/spot/detail?code=1101","","","面積等：加熱式たばこ専用席11席、喫煙ブース併設，喫煙できるたばこ：紙巻き、加熱式，開業時間：月～日（祝日含む）9:00～20:00，喫煙所のみの利用：不可（店舗利用必要）","","135.505929313019","34.6663875277518","情報提供喫煙所"
"上島珈琲店　大阪証券取引所店","大阪市中央区北浜1丁目8番16号　大阪証券取引所ビル1F","うえしまこーひーてん　おおさかしょうけんとりひきじょてん","環境・リサイクル","情報提供登録喫煙所","","","https://shop.ufs.co.jp/ufs/spot/detail?code=3615","","","面積等：喫煙ブースのみ，喫煙できるたばこ：紙巻き、加熱式，開業時間：平日 7:00～20:00 / 土日祝 8:00～18:00，喫煙所のみの利用：不可（店舗利用必要）","","135.507224598895","34.6913521165632","情報提供喫煙所"
"上島珈琲店　心斎橋店","大阪市中央区南船場3丁目8番13号","うえしまこーひーてん　しんさいばしてん","環境・リサイクル","情報提供登録喫煙所","","","https://shop.ufs.co.jp/ufs/spot/detail?code=3621","","","面積等：加熱式たばこ専用席5席、喫煙ブース併設，喫煙できるたばこ：紙巻き、加熱式，開業時間：月～日（祝日含む）7:00～19:00，喫煙所のみの利用：不可（店舗利用必要）","","135.50158728488","34.6777157678327","情報提供喫煙所"
"上島珈琲店　ＯＢＰ店","大阪市中央区城見2丁目1番61号　ツイン21 1F","うえしまこーひーてん　おーびーぴーてん","環境・リサイクル","情報提供登録喫煙所","","","https://shop.ufs.co.jp/ufs/spot/detail?code=3663","","","面積等：加熱式たばこ専用席31席，喫煙できるたばこ：加熱式専用，開業時間：平日 7:00～18:00 / 土 8:00～18:00 / 日祝 9:00～18:00，喫煙所のみの利用：不可（店舗利用必要）","","135.531527776037","34.6933930676691","情報提供喫煙所"
"ラーメン横綱　クリスタ長堀店","大阪市中央区南船場４丁目　長堀地下街７号クリスタ長堀　WEST TOWN","らーめんよこづな　くりすたながほりてん","環境・リサイクル","情報提供登録喫煙所","","","","","","面積等：1.5㎡，喫煙できるたばこ：紙巻き、加熱式，開業時間：月～日（祝日含む）11:00～22:00
（休業日）施設休業日に準ずる，喫煙所のみの利用：不可（店舗利用必要）","","135.498759619505","34.6751793320767","情報提供喫煙所"
"マジックバード東三国喫煙所（北）","大阪市淀川区東三国５丁目４番１号","まじっくばーどひがしみくにきつえんじょ（きた）","環境・リサイクル","大阪市指定喫煙所","","","","","","面積：1.32平方メートル，供用時間：月曜日から日曜日（祝日含む）の10時から22時45分まで，喫煙所形態：屋内喫煙所","","135.497880731764","34.7430671781514","大阪市指定喫煙所"
"マジックバード東三国喫煙所（南）","大阪市淀川区東三国５丁目４番１号","まじっくばーどひがしみくにきつえんじょ（みなみ）","環境・リサイクル","大阪市指定喫煙所","","","","","","面積：2.22平方メートル，供用時間：月曜日から日曜日（祝日含む）の10時から22時45分まで，喫煙所形態：屋内喫煙所","","135.497870833517","34.7428981079789","大阪市指定喫煙所"
"club Black Bird喫煙所","大阪市淀川区東三国１丁目32番９号","くらぶぶらっくばーどきつえんじょ","環境・リサイクル","大阪市指定喫煙所","","","","","","面積：1.68平方メートル，供用時間：月曜日から日曜日（祝日含む）の10時から22時45分まで，喫煙所形態：屋内喫煙所","","135.498931974483","34.7411185481559","大阪市指定喫煙所"
"マジックバード３喫煙所","大阪市淀川区三国本町１丁目４番１号","まじっくばーど３きつえんじょ","環境・リサイクル","大阪市指定喫煙所","","","","","","面積：3.62平方メートル，供用時間：月曜日から日曜日（祝日含む）の10時から22時45分まで，喫煙所形態：屋内喫煙所","","135.487797207566","34.7303156158533","大阪市指定喫煙所"
"B'com喫煙所（１階）","大阪市淀川区東三国５丁目４番１号","びーこむきつえんじょ（１かい）","環境・リサイクル","大阪市指定喫煙所","","","","","","面積：9.45平方メートル，供用時間：月曜日から日曜日（祝日含む）の10時から22時45分まで，喫煙所形態：屋内喫煙所","","135.49773059682","34.7430620515943","大阪市指定喫煙所"
"B'com喫煙所（２階）","大阪市淀川区東三国５丁目４番１号","びーこむきつえんじょ（２かい）","環境・リサイクル","大阪市指定喫煙所","","","","","","面積：1.68平方メートル，供用時間：月曜日から日曜日（祝日含む）の10時から22時45分まで，喫煙所形態：屋内喫煙所","","135.497725886551","34.7429380768827","大阪市指定喫煙所"
"SMOKING　DOWN","大阪市北区曽根崎２丁目11番23号　２F","すもーきんぐ　だうん","環境・リサイクル","大阪市指定喫煙所","","","","","","面積：17.7平方メートル，供用時間：月曜日から日曜日（祝日含む）の10時から25時まで，喫煙所形態：屋内喫煙所","","135.500386296391","34.7004647140338","大阪市指定喫煙所"
"JT大阪支社１F喫煙所","大阪市北区大淀南１丁目５番10号","じぇーてぃーおおさかししゃいっかいきつえんじょ","環境・リサイクル","大阪市指定喫煙所","","","","","","面積：11.4平方メートル，供用時間：月曜日から金曜日の9時から17時まで，喫煙所形態：屋内喫煙所","","135.489365709277","34.7032256966685","大阪市指定喫煙所"
"PloomShopなんば２F喫煙所","大阪市中央区難波３丁目７番19号　２F","ぷるーむしょっぷなんばにかいきつえんじょ","環境・リサイクル","大阪市指定喫煙所","","","","","","面積：27.72平方メートル，供用時間：月曜日から日曜日（祝日含む）の11時から21時まで，喫煙所形態：屋内喫煙所","","135.500642311974","34.6662050690704","大阪市指定喫煙所"
"PloomLOUNGE梅田店　喫煙所","大阪市北区茶屋町15番26号","ぷるーむらうんじうめだてんきつえんじょ","環境・リサイクル","大阪市指定喫煙所","","","","","","面積：95.8平方メートル，供用時間：月曜日から日曜日（祝日含む）の12時から20時まで，喫煙所形態：屋内喫煙所","","135.498774004666","34.7080043262909","大阪市指定喫煙所"
"飛田喫煙所","大阪市西成区山王３丁目３番11号","とびたきつえんじょ","環境・リサイクル","大阪市指定喫煙所","","","","","","面積：16.17平方メートル，供用時間：月曜日から日曜日（祝日含む）の９時から24時まで，喫煙所形態：屋外閉鎖型喫煙所","","135.506021710214","34.6435467647324","大阪市指定喫煙所"
"黒門クリスタルホテル喫煙所","大阪市中央区日本橋１丁目13番９号","くろもんくりすたるほてるきつえんじょ","環境・リサイクル","大阪市指定喫煙所","","","","","","面積：1.96平方メートル，供用時間：月曜日から金曜日の８時から18時まで，喫煙所形態：屋外開放型喫煙所","","135.50864600051","34.6662269612549","大阪市指定喫煙所"
"新大阪駅西喫煙所","大阪市淀川区西中島５丁目","しんおおさかえきにしきつえんじょ","環境・リサイクル","大阪市指定喫煙所","","","","","","面積：34.3平方メートル，供用時間：月曜日から日曜日（祝日含む）の終日，喫煙所形態：屋外開放型喫煙所（加熱式たばこ専用と紙巻たばこ専用のエリアを分けたハイブリッド型喫煙所）","","135.499175377647","34.7326924847191","大阪市指定喫煙所"
"コムズガーデン喫煙所","大阪市都島区東野田２丁目６番１号","こむずがーでんきつえんじょ","環境・リサイクル","大阪市指定喫煙所","","","","","","面積：９平方メートル，供用時間：月曜日から日曜日（祝日含む）の７時30分から23時まで
（休業日）２か月毎１日、１月１日，喫煙所形態：屋内喫煙所","","135.530825260175","34.697335723541","大阪市指定喫煙所"
"珈琲店　ボア","大阪市北区中之島３丁目５番24号","こーひーてん　ぼあ","環境・リサイクル","情報提供登録喫煙所","","","","","","面積等：3㎡，喫煙できるたばこ：紙巻き、加熱式，開業時間：月～金　7：00～18：00
（休業日）土・日・祝日　年末年始，喫煙所のみの利用：不可（店舗利用必要）","","135.492921916655","34.6921991281266","情報提供喫煙所"
"ユニバーサルシティ駅前喫煙所","大阪市此花区島屋６丁目","ゆにばーさるしてぃえきまえきつえんじょ","環境・リサイクル","大阪市指定喫煙所","","","","","","面積：17.4平方メートル，供用時間：月曜日から日曜日（祝日含む）の７時から20時まで，喫煙所形態：屋外閉鎖型喫煙所（加熱式たばこ専用と紙巻たばこ専用のエリアを分けたハイブリッド型喫煙所）","","135.438899091836","34.6676961841007","大阪市指定喫煙所"
"靱公園喫煙所","大阪市西区靱本町１丁目","うつぼこうえんきつえんじょ","環境・リサイクル","大阪市指定喫煙所","","","","","","面積：17.4平方メートル，供用時間：月曜日から日曜日（祝日含む）の７時から20時まで，喫煙所形態：屋外閉鎖型喫煙所（加熱式たばこ専用と紙巻たばこ専用のエリアを分けたハイブリッド型喫煙所）","","135.493078256155","34.6856772832387","大阪市指定喫煙所"
"大正橋公園喫煙所","大阪市大正区三軒家東１丁目","たいしょうばしこうえんきつえんじょ","環境・リサイクル","大阪市指定喫煙所","","","","","","面積：6平方メートル，供用時間：月曜日から日曜日（祝日含む）の７時から20時まで，喫煙所形態：屋外閉鎖型喫煙所","","135.479895147731","34.6667357690548","大阪市指定喫煙所"
"新大阪駅東喫煙所","大阪市東淀川区西淡路１丁目","しんおおさかえきひがしきつえんじょ","環境・リサイクル","大阪市指定喫煙所","","","","","","面積：17.4平方メートル，供用時間：月曜日から日曜日（祝日含む）の７時から20時まで，喫煙所形態：屋外閉鎖型喫煙所（加熱式たばこ専用と紙巻たばこ専用のエリアを分けたハイブリッド型喫煙所）","","135.503524658171","34.7343834359708","大阪市指定喫煙所"
"天下茶屋駅前南喫煙所","大阪市西成区天下茶屋２丁目","てんがちゃやえきまえみなみきつえんじょ","環境・リサイクル","大阪市指定喫煙所","","","","","","面積：17.4平方メートル，供用時間：月曜日から日曜日（祝日含む）の７時から20時まで，喫煙所形態：屋外閉鎖型喫煙所（加熱式たばこ専用と紙巻たばこ専用のエリアを分けたハイブリッド型喫煙所）","","135.497039260524","34.6368548230089","大阪市指定喫煙所"
"ZETTA茶屋町店喫煙所","大阪市北区茶屋町２丁目16番　イースクエア茶屋町１Ｆ","ぜったちゃやまちてんきつえんじょ","環境・リサイクル","大阪市指定喫煙所","","","","","","面積：2.93平方メートル，供用時間：月曜日から日曜日（祝日含む）の10時から22時45分まで，喫煙所形態：屋内喫煙所","","135.499202223792","34.7058125100746","大阪市指定喫煙所"
"天満Sビジョン鶴橋喫煙所（地下１階）","大阪市北区天神橋４丁目11番２号　地下１階","てんまえすびじょんつるはしきつえんじょ（ちか１かい）","環境・リサイクル","大阪市指定喫煙所","","","","","","面積：0.64平方メートル，供用時間：月曜日から日曜日（祝日含む）の10時から22時30分まで，喫煙所形態：屋内喫煙所","","135.511656673913","34.7055346839432","大阪市指定喫煙所"
"天満Sビジョン鶴橋喫煙所（２階）","大阪市北区天神橋４丁目11番２号　２階","てんまえすびじょんつるはしきつえんじょ（２かい）","環境・リサイクル","大阪市指定喫煙所","","","","","","面積：0.64平方メートル，供用時間：月曜日から日曜日（祝日含む）の10時から22時30分まで，喫煙所形態：屋内喫煙所","","135.511643079448","34.7055245316946","大阪市指定喫煙所"
"キコーナ西田辺店喫煙所","大阪市阿倍野区昭和町５丁目11番24号","きこーなにしたなべてんきつえんじょ","環境・リサイクル","大阪市指定喫煙所","","","","","","面積：3.92平方メートル，供用時間：月曜日から日曜日（祝日含む）の10時から22時まで，喫煙所形態：屋内喫煙所","","135.515549725241","34.6220048825445","大阪市指定喫煙所"
"ファミリーマート心斎橋清水通店喫煙所","大阪市中央区心斎橋筋1丁目4番10号","ふぁみりーまーとしんさいばししみずどおりてんきつえんじょ","環境・リサイクル","大阪市指定喫煙所","","","","","","面積：5.7平方メートル，供用時間：月曜日から日曜日（祝日含む）の８時から19時まで，喫煙所形態：屋内喫煙所","","135.502130107211","34.6728464195992","大阪市指定喫煙所"
"ファミリーマート淀屋橋駅東店","大阪市中央区今橋３丁目１番７号","ふぁみりーまーとよどやばしえきひがしてん","環境・リサイクル","情報提供登録喫煙所","","","","","","面積等：3.69㎡，喫煙できるたばこ：加熱式専用，開業時間：月～日（祝日含む）6:00～22:00，喫煙所のみの利用：可","","135.503368795655","34.6907930718691","情報提供喫煙所"
"ファミリーマート江戸堀二丁目店喫煙所","大阪市西区江戸堀２丁目３番３号","ふぁみりーまーとえどぼりえどぼり２ちょうめてんきつえんじょ","環境・リサイクル","大阪市指定喫煙所","","","","","","面積：2.65平方メートル，供用時間：月曜日から日曜日（祝日含む）の７時から21時まで，喫煙所形態：屋内喫煙所","","135.49207689583","34.6872129750062","大阪市指定喫煙所"
"ファミリーマート江戸堀なにわ筋店喫煙所","大阪市西区江戸堀１丁目25番22号","ふぁみりーまーとえどぼりなにわすじてんきつえんじょ","環境・リサイクル","大阪市指定喫煙所","","","","","","面積：3.21平方メートル，供用時間：月曜日から日曜日（祝日含む）の終日，喫煙所形態：屋内喫煙所","","135.491940705408","34.6883930133304","大阪市指定喫煙所"
"ファミリーマート築港店喫煙所","大阪市港区築港１丁目14番24号","ふぁみりーまーとちっこうてんきつえんじょ","環境・リサイクル","大阪市指定喫煙所","","","","","","面積：2.34平方メートル，供用時間：月曜日から日曜日（祝日含む）の６時から19時まで，喫煙所形態：屋内喫煙所","","135.433772929009","34.6533640437521","大阪市指定喫煙所"
"ファミリーマートカツラギ南本町店喫煙所","大阪市中央区南本町３丁目４番10号","ふぁみりーまーとかつらぎみなみほんまちてんきつえんじょ","環境・リサイクル","大阪市指定喫煙所","","","","","","面積：5.15平方メートル，供用時間：月曜日から日曜日（祝日含む）の７時から22時まで，喫煙所形態：屋内喫煙所","","135.501837590861","34.6828689734174","大阪市指定喫煙所"
"ファミリーマート西天満六丁目店喫煙所","大阪市北区西天満６丁目１番15号","ふぁみりーまーとにしてんま６ちょうめてんきつえんじょ","環境・リサイクル","大阪市指定喫煙所","","","","","","面積：4.94平方メートル，供用時間：月曜日から日曜日（祝日含む）の６時から20時まで，喫煙所形態：屋内喫煙所","","135.50592440582","34.6982111002603","大阪市指定喫煙所"
"ファミリーマート 中之島五丁目店","大阪市北区中之島５丁目３番92号　ルイシャトレ中之島１F","ふぁみりーまーとなかのしま５ちょうめてん","環境・リサイクル","情報提供登録喫煙所","","","","","","面積等：15㎡，喫煙できるたばこ：紙巻き、加熱式，開業時間：月～日（祝日含む）5:00～22:00，喫煙所のみの利用：可","","135.488801026141","34.692038020474","情報提供喫煙所"
"ファミリーマート南船場三丁目店","大阪市中央区南船場３丁目３番10号　エーゼービル１F","ふぁみりーまーとみなみせんば３ちょうめてん","環境・リサイクル","情報提供登録喫煙所","","","","","","面積等：10㎡，喫煙できるたばこ：紙巻き、加熱式，開業時間：月～日（祝日含む）７:00～20:00，喫煙所のみの利用：可","","135.503080884176","34.6761080564121","情報提供喫煙所"
"ファミリーマート靭公園前店喫煙所","大阪市西区靱本町１丁目６番14号","ふぁみりーまーとうつぼこうえんまえてんきつえんじょ","環境・リサイクル","大阪市指定喫煙所","","","","","","面積：1.9平方メートル，供用時間：月曜日から日曜日（祝日含む）の終日，喫煙所形態：屋内喫煙所","","135.497167971045","34.6854766261485","大阪市指定喫煙所"
"ファミリーマート難波中一丁目店喫煙所","大阪市浪速区難波中１丁目15番21号","ふぁみりーまーとなんばなか１ちょうめてんきつえんじょ","環境・リサイクル","大阪市指定喫煙所","","","","","","面積：3.6平方メートル，供用時間：月曜日から日曜日（祝日含む）の終日，喫煙所形態：屋内喫煙所","","135.499650379517","34.6640651663658","大阪市指定喫煙所"
"ローソン南堀江一丁目店","大阪市西区南堀江１丁目８番９号","ろーそんみなみほりえ１ちょうめてん","環境・リサイクル","情報提供登録喫煙所","","","","","","面積等：3.87㎡，喫煙できるたばこ：加熱式専用，開業時間：月～日（祝日含む）終日，喫煙所のみの利用：可","","135.495674598694","34.6705716756113","情報提供喫煙所"
"ローソン天神橋七丁目店","大阪市北区天神橋７丁目６番11号","ろーそんてんじんばし７ちょうめてん","環境・リサイクル","情報提供登録喫煙所","","","","","","面積等：4.88㎡，喫煙できるたばこ：加熱式専用，開業時間：月～日（祝日含む）終日，喫煙所のみの利用：可","","135.510978814205","34.7125353409105","情報提供喫煙所"
"ファミリーマート日本橋一丁目北店","大阪市中央区日本橋１丁目１番25号","ふぁみりーまーとにっぽんばし１ちょうめきたてん","環境・リサイクル","情報提供登録喫煙所","","","","","","面積等：5.61㎡，喫煙できるたばこ：紙巻き、加熱式，開業時間：月～日（祝日含む）7:00～20:00，喫煙所のみの利用：不可（店舗利用必要）","","135.507063941453","34.6686340039021","情報提供喫煙所"
"ローソンあびこ駅前店喫煙所","大阪市住吉区我孫子東2丁目7番38号","ろーそんあびこえきまえてんきつえんじょ","環境・リサイクル","大阪市指定喫煙所","","","","","","面積：3.45平方メートル，供用時間：月曜日から日曜日（祝日含む）の6時から22時まで，喫煙所形態：屋内喫煙所","","135.512486894375","34.5995118070174","大阪市指定喫煙所"
"ローソン平野町二丁目店喫煙所","大阪市中央区平野町2丁目1番2号","ろーそんひらのまち２ちょうめてんきつえんじょ","環境・リサイクル","大阪市指定喫煙所","","","","","","面積：3.06平方メートル，供用時間：月曜日から日曜日（祝日含む）の７時から19時まで，喫煙所形態：屋内喫煙所","","135.506335929985","34.6880095939713","大阪市指定喫煙所"
"ローソン大阪南船場一丁目店喫煙所","大阪市中央区南船場1丁目13番24号","ろーそんおおさかみなみせんば１ちょうめてんきつえんじょ","環境・リサイクル","大阪市指定喫煙所","","","","","","面積：3.16平方メートル，供用時間：月曜日から土曜日（祝日除く）の６時から20時まで，喫煙所形態：屋内喫煙所","","135.507451537136","34.6774657251562","大阪市指定喫煙所"
"ローソン阪急淡路駅前通店喫煙所","大阪市東淀川区東淡路4丁目18番3号","ろーそんはんきゅうあわじえきまえどおりてんきつえんじょ","環境・リサイクル","大阪市指定喫煙所","","","","","","面積：8.83平方メートル，供用時間：月曜日から日曜日（祝日含む）の６時から20時まで，喫煙所形態：屋内喫煙所","","135.517208059525","34.7384765561871","大阪市指定喫煙所"
"ロックカフェUSAGI","大阪市中央区道頓堀１丁目１番９号増田屋ビル４階","ろっくかふぇうさぎ","環境・リサイクル","情報提供登録喫煙所","","","https://usagi.osaka.jp","","","面積等：28㎡，喫煙できるたばこ：紙巻き、加熱式，開業時間：月～日（祝日含む）17:00～24:00
（休業日）臨時休業あり，喫煙所のみの利用：不可（店舗利用必要）","","135.505212567591","34.6688755066681","情報提供喫煙所"
"焼肉牛魔　四ツ橋店","大阪市西区北堀江１丁目２番16号おおきにサイタ・サイタビルヂング２階","やきにくうまよつばしてん","環境・リサイクル","情報提供登録喫煙所","","","https://uma-horie.owst.jp/","","","面積等：5㎡，喫煙できるたばこ：紙巻き、加熱式，開業時間：月～日（祝日含む）
11:00～15:00、17:00～22:30，喫煙所のみの利用：不可（店舗利用必要）","","135.496890145116","34.6727639219347","情報提供喫煙所"
"焼肉牛魔　谷町四丁目店","大阪市中央区内本町１丁目１番６号201","やきにくうまたにまちよんちょうめてん","環境・リサイクル","情報提供登録喫煙所","","","https://tabelog.com/osaka/A2701/A270104/27110616/?msockid=077f1d4340e5679e21940c9641376645","","","面積等：5㎡，喫煙できるたばこ：紙巻き、加熱式，開業時間：月～日（祝日含む）
11:00～15:00、17:00～22:30，喫煙所のみの利用：不可（店舗利用必要）","","135.516403496359","34.6836380969317","情報提供喫煙所"
"ホリーズカフェ 中之島セントラルタワー店","大阪市北区中之島２丁目２番７号 中之島セントラルタワー １階","ほりーずかふぇなかのしませんとらるたわーてん","環境・リサイクル","情報提供登録喫煙所","","","https://hollys-corp.jp/shop/o_nakanoshima/","","","面積等：86㎡，喫煙できるたばこ：紙巻き、加熱式，開業時間：月～土（祝日除く）
平日 8:00～18:30／土 8:00～18:00，喫煙所のみの利用：不可（店舗利用必要）","","135.498073851806","34.6937871324036","情報提供喫煙所"
"ホリーズカフェ 大阪センタービル店","大阪市中央区久太郎町４丁目１番３号 大阪センタービル 地下１階","ほりーずかふぇおおさかせんたーびるてん","環境・リサイクル","情報提供登録喫煙所","","","https://hollys-corp.jp/shop/o_ocb/","","","面積等：58㎡，喫煙できるたばこ：紙巻き、加熱式，開業時間：月～金（祝日除く）
平日 8:00～18:00，喫煙所のみの利用：不可（店舗利用必要）","","135.49979238915","34.6814234899351","情報提供喫煙所"
"ホリーズカフェ クロスシティ弁天町店","大阪市港区弁天１丁目３番１号 クロスシティー弁天町 ３階","ほりーずかふぇくろすしてぃべんてんちょうてん","環境・リサイクル","情報提供登録喫煙所","","","https://hollys-corp.jp/shop/o_bentencho/","","","面積等：43㎡，喫煙できるたばこ：紙巻き、加熱式，開業時間：月～日（祝日含む）7:30～22:00
（休業日）不定休，喫煙所のみの利用：不可（店舗利用必要）","","135.460710686167","34.6684669332329","情報提供喫煙所"
"ホリーズカフェ 阿波座店","大阪市西区阿波座１丁目13番13号 西本町中央ビル １階","ほりーずかふぇあわざてん","環境・リサイクル","情報提供登録喫煙所","","","https://hollys-corp.jp/shop/h_awaza/","","","面積等：18㎡，喫煙できるたばこ：紙巻き、加熱式，開業時間：月～日（祝日含む）7:00～22:00，喫煙所のみの利用：不可（店舗利用必要）","","135.493533545467","34.6812448325134","情報提供喫煙所"
"ホリーズカフェ 十三東口店","大阪市淀川区十三東２丁目８番２号 URビル １階","ほりーずかふぇじゅうそうひがしぐちてん","環境・リサイクル","情報提供登録喫煙所","","","https://hollys-corp.jp/shop/h_jusou_higashi/","","","面積等：18㎡，喫煙できるたばこ：紙巻き、加熱式，開業時間：月～日（祝日含む）7:00～23:00，喫煙所のみの利用：不可（店舗利用必要）","","135.483427402898","34.7194029122428","情報提供喫煙所"
"ホリーズカフェ 北新地店","大阪市北区曽根崎新地１丁目１番49号 梅田滋賀ビル １階・地下１階","ほりーずかふぇきたしんちてん","環境・リサイクル","情報提供登録喫煙所","","","https://hollys-corp.jp/shop/h_kitashinchi/","","","面積等：9.6㎡，喫煙できるたばこ：紙巻き、加熱式，開業時間：月～日（祝日含む）
平日 6:30～23:00／土 7:00～23:00／日祝 7:00～21:00，喫煙所のみの利用：不可（店舗利用必要）","","135.500902864733","34.6964539082362","情報提供喫煙所"
"ホリーズカフェ 肥後橋駅前店","大阪市西区江戸堀１丁目９番６号 肥後橋ユニオンビル １階","ほりーずかふぇひごばしえきまえてん","環境・リサイクル","情報提供登録喫煙所","","","https://hollys-corp.jp/shop/o_higobashi_ekimae/","","","面積等：8.8㎡，喫煙できるたばこ：紙巻き、加熱式，開業時間：月～日（祝日含む）
平日 6:30～20:30／土日祝 7:00～18:30
（休業日）施設に準じる，喫煙所のみの利用：不可（店舗利用必要）","","135.496361118916","34.6887901724237","情報提供喫煙所"
"ホリーズカフェ ライフ巽店","大阪市生野区巽中１丁目22番２号 ライフ巽店 ４階","ほりーずかふぇらいふたつみてん","環境・リサイクル","情報提供登録喫煙所","","","https://hollys-corp.jp/shop/o_litatsumi/","","","面積等：15㎡，喫煙できるたばこ：紙巻き、加熱式，開業時間：月～日（祝日含む）9:00～20:00，喫煙所のみの利用：不可（店舗利用必要）","","135.554262995178","34.6510790235568","情報提供喫煙所"
"ホリーズカフェ ライフ今里店","大阪市東成区大今里西２丁目15番17号 ライフ今里店 ４階","ほりーずかふぇらいふいまざとてん","環境・リサイクル","情報提供登録喫煙所","","","https://hollys-corp.jp/shop/o_liimazato/","","","面積等：11㎡，喫煙できるたばこ：紙巻き、加熱式，開業時間：月～日（祝日含む）9:00～18:45
（休業日）不定休，喫煙所のみの利用：不可（店舗利用必要）","","135.539745281787","34.6683530254187","情報提供喫煙所"
"ホリーズカフェ ライフ喜連瓜破店","大阪市平野区喜連西６丁目２番34号 ライフ喜連瓜破店 ３階","ほりーずかふぇらいふきれうりわりてん","環境・リサイクル","情報提供登録喫煙所","","","https://hollys-corp.jp/shop/o_kireuri/","","","面積等：64㎡，喫煙できるたばこ：紙巻き、加熱式，開業時間：月～日（祝日含む）9:00～20:00
（休業日）不定休，喫煙所のみの利用：不可（店舗利用必要）","","135.548534370379","34.6097699013472","情報提供喫煙所"
"ホリーズカフェ イズミヤ天六樋之口店","大阪市北区樋之口町３丁目20番 イズミヤ天六樋ノ口店 ２階","ほりーずかふぇいずみやてんろくひのくちてん","環境・リサイクル","情報提供登録喫煙所","","","https://hollys-corp.jp/shop/o_hinoguchi/","","","面積等：22㎡，喫煙できるたばこ：紙巻き、加熱式，開業時間：月～日（祝日含む）9:30～19:30
（休業日）不定休，喫煙所のみの利用：不可（店舗利用必要）","","135.516208592918","34.7088205959471","情報提供喫煙所"
"ホリーズカフェ 堂島アバンザ店","大阪市北区堂島１丁目６番20号 堂島アバンザ 地下１階","ほりーずかふぇどうじまあばんざてん","環境・リサイクル","情報提供登録喫煙所","","","https://hollys-corp.jp/shop/o_dojima/","","","面積等：42㎡，喫煙できるたばこ：紙巻き、加熱式，開業時間：月～日（祝日含む）
平日 7:00～21:00／土日祝 7:30～21:00
（休業日）不定休，喫煙所のみの利用：不可（店舗利用必要）","","135.496358104994","34.6969473816558","情報提供喫煙所"
"ホリーズカフェ 大阪駅前第３ビルWEST店","大阪市北区梅田１丁目１番３号B100 大阪駅前第３ビル 地下１階","ほりーずかふぇおおさかえきまえだい３びるうぇすとてん","環境・リサイクル","情報提供登録喫煙所","","","https://hollys-corp.jp/shop/o_daisanw/","","","面積等：15㎡，喫煙できるたばこ：紙巻き、加熱式，開業時間：月～日（祝日含む）
平日 7:30～22:00／土日祝 8:00～22:00，喫煙所のみの利用：不可（店舗利用必要）","","135.498771766485","34.6991129577127","情報提供喫煙所"
"ホリーズカフェ 大阪駅前第３ビル店","大阪市北区梅田１丁目１番３号 大阪駅前第３ビル 地下１階73号","ほりーずかふぇおおさかえきまえだい３びるてん","環境・リサイクル","情報提供登録喫煙所","","","https://hollys-corp.jp/shop/o_daisanbi/","","","面積等：25㎡，喫煙できるたばこ：紙巻き、加熱式，開業時間：月～日（祝日含む）7:30～22:00
（休業日）不定休，喫煙所のみの利用：不可（店舗利用必要）","","135.499488547209","34.6990367975176","情報提供喫煙所"
"ホリーズカフェ 堺筋本町店","大阪市中央区本町２丁目１番６号 堺筋本町センタービル １階","ほりーずかふぇさかいすじほんまちてん","環境・リサイクル","情報提供登録喫煙所","","","https://hollys-corp.jp/shop/o_sakaisujihon/","","","面積等：6㎡，喫煙できるたばこ：紙巻き、加熱式，開業時間：月～日（祝日含む）
平日 6:30～23:00／土日祝 6:30～21:00
（休業日）不定休，喫煙所のみの利用：不可（店舗利用必要）","","135.505901561563","34.6838010569193","情報提供喫煙所"
"ホリーズカフェ 梅田ダイビル店","大阪市北区梅田３丁目３番10号 梅田ダイビル 地下１階","ほりーずかふぇうめだだいびるてん","環境・リサイクル","情報提供登録喫煙所","","","https://hollys-corp.jp/shop/o_umedada/","","","面積等：8㎡，喫煙できるたばこ：紙巻き、加熱式，開業時間：月～日（祝日含む）
平日 7:30～19:00／土日祝 9:00～17:00
（休業日）不定休，喫煙所のみの利用：不可（店舗利用必要）","","135.492247990753","34.6990933625008","情報提供喫煙所"
"ホリーズカフェ あべのAITビル店","大阪市阿倍野区阿倍野筋２丁目１番29号 あべのAITビル １階","ほりーずかふぇあべのえーあいてぃーてん","環境・リサイクル","情報提供登録喫煙所","","","https://hollys-corp.jp/shop/o_ait/","","","面積等：1.5㎡，喫煙できるたばこ：紙巻き、加熱式，開業時間：月～日（祝日含む）8:00～19:30
（休業日）不定休，喫煙所のみの利用：不可（店舗利用必要）","","135.512875679512","34.6445957026944","情報提供喫煙所"
"ガース　ミュージック＆ライブ","大阪市中央区宗右衛門町７番11号　六甲道頓堀プラザビル　地下１階","がーす　みゅーじっくあんどらいぶ","環境・リサイクル","情報提供登録喫煙所","","","https://garth-bar.com/","","","面積等：20㎡，喫煙できるたばこ：紙巻き、加熱式，開業時間：月～日（祝日含む）18:00～24:00
不定休，喫煙所のみの利用：不可（店舗利用必要）","","135.502301187484","34.669309613208","情報提供喫煙所"
"VirginMoon","大阪市中央区宗右衛門町２番33号　パレス三ツ寺５F","ばーじんむーん","環境・リサイクル","情報提供登録喫煙所","","","https://virgin-moon.jimdosite.com/","","","面積等：9㎡，喫煙できるたばこ：紙巻き、加熱式，開業時間：月～土（祝日除く）21:00～4:00，喫煙所のみの利用：不可（店舗利用必要）","","135.505107817219","34.6702085330231","情報提供喫煙所"
"キコーナ南津守店喫煙所（北）","大阪市西成区南津守２丁目２番２号","きこーなにみなみつもりてんきつえんじょきた","環境・リサイクル","大阪市指定喫煙所","","","","","","面積：3.17平方メートル，供用時間：月曜日から日曜日（祝日含む）の10時から22時30分まで，喫煙所形態：屋内喫煙所","","135.48270714693","34.6331522294302","大阪市指定喫煙所"
"キコーナ南津守店喫煙所（東）","大阪市西成区南津守２丁目２番２号","きこーなにみなみつもりてんきつえんじょひがし","環境・リサイクル","大阪市指定喫煙所","","","","","","面積：7.6平方メートル，供用時間：月曜日から日曜日（祝日含む）の10時から22時30分まで，喫煙所形態：屋内喫煙所","","135.482875756813","34.6330041502861","大阪市指定喫煙所"
"BarWhiskey東心斎橋","大阪市中央区東心斎橋１丁目８番13号","ばーういすきーひがししんさいばし","環境・リサイクル","情報提供登録喫煙所","","","0","","","面積等：18㎡，喫煙できるたばこ：紙巻き、加熱式，開業時間：月～土（祝日含む）16:00～24:00，喫煙所のみの利用：不可（店舗利用必要）","","135.504773706475","34.6736246063291","情報提供喫煙所"
"ｒｉｂｂｏｎ　ＤＩＮＩＮＧ　ＢＡＲ","大阪市中央区東心斎橋１丁目７番27号ＡＭビル２階","りぼんだいにんぐばー","環境・リサイクル","情報提供登録喫煙所","","","https://ribbon.boo.jp/s","","","面積等：30㎡，喫煙できるたばこ：紙巻き、加熱式，開業時間：月～土（祝日除く）21:00～2:00，喫煙所のみの利用：不可（店舗利用必要）","","135.504668226728","34.6734698536697","情報提供喫煙所"
"SHUN SAI KA NAKA","大阪市中央区東心斎橋１丁目６番12号　Ｂ１Ｆ","しゅんさいかなか","環境・リサイクル","情報提供登録喫煙所","","","https://www.instagram.com/shunsaika_naka","","","面積等：29㎡，喫煙できるたばこ：紙巻き、加熱式，開業時間：月、火、木～日（祝日含む）
平日 18:00～2:00／土 17:00～2:00／日祝 17:00～24:00
（休業日）年末年始休業あり、月１回の臨時休業あり，喫煙所のみの利用：不可（店舗利用必要）","","135.504875342865","34.672048477946","情報提供喫煙所"
"イタリアンバルNIINA","大阪市中央区東心斎橋１丁目19番8号　日宝プロムナード心斎橋１Ｆ","いたりあんばるにいな","環境・リサイクル","情報提供登録喫煙所","","","https://yoyaku-niina.com/","","","面積等：22.2㎡，喫煙できるたばこ：紙巻き、加熱式，開業時間：月、水～日（祝日含む）17:00～5:00，喫煙所のみの利用：不可（店舗利用必要）","","135.502928353956","34.6744269310758","情報提供喫煙所"
"和食とお酒雅","大阪市中央区東心斎橋１丁目14番23号　住吉ビル２Ｆ","わしょくとおさけみやび","環境・リサイクル","情報提供登録喫煙所","","","https://miyabi-washoku.com/","","","面積等：16㎡，喫煙できるたばこ：紙巻き、加熱式，開業時間：月～土（祝日除く）18:00～24：00，喫煙所のみの利用：不可（店舗利用必要）","","135.503441636732","34.67330108072","情報提供喫煙所"
"ｍｅｚａ","大阪市中央区東心斎橋１丁目15番11号","めーざ","環境・リサイクル","情報提供登録喫煙所","","","https://meza-shinsaibashi.com/index.html","","","面積等：18㎡，喫煙できるたばこ：紙巻き、加熱式，開業時間：月～日（祝日含む）20:30～24:00，喫煙所のみの利用：不可（店舗利用必要）","","135.503968391697","34.6720521914408","情報提供喫煙所"
"イエローテール","大阪市中央区東心斎橋１丁目６番23号　407号室","いえろーてーる","環境・リサイクル","情報提供登録喫煙所","","","0","","","面積等：5㎡，喫煙できるたばこ：紙巻き、加熱式，開業時間：月～水、金～日（祝日含む）21:00～9:00，喫煙所のみの利用：不可（店舗利用必要）","","135.504446928732","34.6726328053874","情報提供喫煙所"
"炭火焼肉ホルモンじゃん","大阪市中央区東心斎橋１丁目15番22号　第一ＫＳビル２階","すみびやきにくほるもんじゃん","環境・リサイクル","情報提供登録喫煙所","","","0","","","面積等：30㎡，喫煙できるたばこ：紙巻き、加熱式，開業時間：月～日（祝日含む）
月～木 17:00～1:00／金、土 17:00～3:00／日、祝 17:00～24:00，喫煙所のみの利用：不可（店舗利用必要）","","135.503421554632","34.6724201775289","情報提供喫煙所"
"くろぶた","大阪市中央区東心斎橋２丁目５番11号","くろぶた","環境・リサイクル","情報提供登録喫煙所","","","0","","","面積等：20㎡，喫煙できるたばこ：紙巻き、加熱式，開業時間：月～日（祝日含む）19:00～24:00，喫煙所のみの利用：不可（店舗利用必要）","","135.503976365712","34.6712081893276","情報提供喫煙所"
"南風酒膳　庵","大阪市中央区東心斎橋２丁目３番20号　日宝メトロセンター12号","なんぷうしゅぜんいおり","環境・リサイクル","情報提供登録喫煙所","","","https://www.instagram.com/snake_leo_ab?igsh=MXR6NHJkd3R3ajBlcA==","","","面積等：5㎡，喫煙できるたばこ：紙巻き、加熱式，開業時間：月～土（祝日除く）　18:00～1:00，喫煙所のみの利用：不可（店舗利用必要）","","135.50467330612","34.6706314645477","情報提供喫煙所"
"ラウンジ　白い虹","大阪市中央区宗右衛門町５番２号　ＴＭ33ビル２階","らうんじ　しろいにじ","環境・リサイクル","情報提供登録喫煙所","","","https://www.pokepara.jp/osaka/m300/a311/shop4994/","","","面積等：26㎡，喫煙できるたばこ：紙巻き、加熱式，開業時間：月～土（祝日除く）20:30～1:00
（休業日）お盆、年末年始，喫煙所のみの利用：不可（店舗利用必要）","店舗全面喫煙可能","135.504182531221","34.6700679996899","情報提供喫煙所"
"炭火やきとり愛之助","大阪市中央区道頓堀１丁目６番２号　櫓ビルＢ１Ｆ","すみびやきとりあいのすけ","環境・リサイクル","情報提供登録喫煙所","","","https://grilledchicken.co.jp/","","","面積等：20㎡，喫煙できるたばこ：加熱式専用，開業時間：月～日（祝日含む）17:00～24:00，喫煙所のみの利用：不可（店舗利用必要）","店舗全面喫煙可能","135.503079918575","34.6688330564069","情報提供喫煙所"
"ＲＯＳＳＯ","大阪市中央区東心斎橋２丁目４番27号　大一ビル４階全号","ろっそ","環境・リサイクル","情報提供登録喫煙所","","","","","","面積等：20㎡，喫煙できるたばこ：紙巻き、加熱式，開業時間：月～土（祝日除く）20:00～1:00
（休業日）お盆・年末年始，喫煙所のみの利用：不可（店舗利用必要）","店舗全面喫煙可能","135.504644969131","34.6718210979818","情報提供喫煙所"
"はまぐり酒場　笑師","大阪市中央区東心斎橋１丁目17番17号　おおきに心斎橋畳屋町ビル２階","はまぐりさかば　えみし","環境・リサイクル","情報提供登録喫煙所","","","https://hamaguri-bar-emishi.therestaurant.jp/","","","面積等：20㎡，喫煙できるたばこ：紙巻き、加熱式，開業時間：火～日（祝日含む）
火～土 18:00頃～5:00頃／日 18:00頃～23:00，喫煙所のみの利用：不可（店舗利用必要）","店舗全面喫煙可能","135.502456132759","34.6728758372361","情報提供喫煙所"
"Ｂｉｇマーメイド","大阪市中央区東心斎橋２丁目５番４号　リップルトップセンター１階","びっぐまーめいど","環境・リサイクル","情報提供登録喫煙所","","","https://www.big-mermaid.com/","","","面積等：26㎡，喫煙できるたばこ：加熱式専用，開業時間：月～土（祝日除く）20:00～0:00
（休業日）お盆5日間、お正月5日間，喫煙所のみの利用：不可（店舗利用必要）","店舗全面喫煙可能","135.504048668949","34.6715477606251","情報提供喫煙所"
"食事小屋はむ86","大阪市中央区東心斎橋２丁目６番21号　19番街プラザビル201","しょくじごやはむはちろく","環境・リサイクル","情報提供登録喫煙所","","","https://s.tabelog.com/osaka/A2701/A270202/27112471/","","","面積等：10㎡，喫煙できるたばこ：紙巻き、加熱式，開業時間：月～土（祝日除く）20:00～6:00，喫煙所のみの利用：不可（店舗利用必要）","店舗全面喫煙可能","135.50362303236","34.6706681482412","情報提供喫煙所"
"完全貸切セルフＢａｒ専門店ＢａｒＴＫ心斎橋　※要予約","大阪市中央区東心斎橋２丁目７番４号　日宝笠山町ビル５階５号","かんぜんかしきりせるふばーせんもんてんばーてぃーけーしんさいばし","環境・リサイクル","情報提供登録喫煙所","","","https://www.plustk.com/","","","面積等：20㎡，喫煙できるたばこ：紙巻き、加熱式，開業時間：月～日（祝日含む）終日，喫煙所のみの利用：不可（店舗利用必要）","店舗全面喫煙可能","135.503014238291","34.6707165671423","情報提供喫煙所"
"咲月","大阪市中央区東心斎橋１丁目６番12号　アサノビル２階","さつき","環境・リサイクル","情報提供登録喫煙所","","","","","","面積等：26㎡，喫煙できるたばこ：紙巻き、加熱式，開業時間：月～土（祝日除く）20:00～1:00，喫煙所のみの利用：不可（店舗利用必要）","店舗全面喫煙可能","135.504895979003","34.6720467605413","情報提供喫煙所"
"Bar Cactus","大阪市中央区心斎橋筋１丁目４番６号　YOUSENビル地下１階","ばーかくたす","環境・リサイクル","情報提供登録喫煙所","","","https://www.cactus-tequila.com","","","面積等：11㎡，喫煙できるたばこ：紙巻き、加熱式，開業時間：月～土（祝日除く）18:00～1:00
（休業日）年末年始，喫煙所のみの利用：不可（店舗利用必要）","店舗全面喫煙可能","135.502249035875","34.6730202710562","情報提供喫煙所"
"貝と海老そして蟹","大阪市中央区心斎橋筋２丁目７番11号　日宝ロイヤルビル１階","かいとえびそしてかに","環境・リサイクル","情報提供登録喫煙所","","","https://kaiebi.com","","","面積等：20㎡，喫煙できるたばこ：紙巻き、加熱式，開業時間：月～日（祝日含む）17:00～23:00，喫煙所のみの利用：不可（店舗利用必要）","店舗全面喫煙可能","135.500948469373","34.6705347324189","情報提供喫煙所"
"旬菜ここ味","大阪市中央区東心斎橋１丁目８番16号　吉村ビル２階","しゅんさいここみ","環境・リサイクル","情報提供登録喫煙所","","","https://tabelog.com/osaka/A2701/A270201/27055527/?msockid=158e11bd35f0625c2fbc075e340763ee","","","面積等：16㎡，喫煙できるたばこ：加熱式専用，開業時間：月～土（祝日除く）17:30～23:00，喫煙所のみの利用：不可（店舗利用必要）","店舗全面喫煙可能","135.504429007906","34.6736323089632","情報提供喫煙所"
"沖縄居酒屋てぃんがーら","大阪市中央区東心斎橋２丁目３番３号　日宝ムーンライトビル１階","おきなわいざかやてぃんがーら","環境・リサイクル","情報提供登録喫煙所","","","","","","面積等：19㎡，喫煙できるたばこ：紙巻き、加熱式，開業時間：月～日（祝日含む）18:00～1:00
不定休，喫煙所のみの利用：不可（店舗利用必要）","店舗全面喫煙可能","135.505111739811","34.6708217816793","情報提供喫煙所"
"井出商店喫煙所","大阪市生野区鶴橋１丁目３番５号","いでしょうてんきつえんじょ","環境・リサイクル","大阪市指定喫煙所","","","","","","面積：5.06平方メートル，供用時間：火曜日から土曜日（祝日除く）の９時から17時まで，喫煙所形態：屋内喫煙所","","135.531502996705","34.6650117457909","大阪市指定喫煙所"
"大一本店喫煙所","大阪市西成区太子１丁目１番２号","だいいちほんてんきつえんじょ","環境・リサイクル","大阪市指定喫煙所","","","","","","面積：5.04平方メートル，供用時間：月曜日から日曜日（祝日含む）の10時から22時まで，喫煙所形態：屋内喫煙所","","135.505557160648","34.6487484562011","大阪市指定喫煙所"
"ＰｏｔｉｏｎＳｔａｔｉｏｎ","大阪市中央区東心斎橋１丁目17番15号　丸清ビル５Ｆ－Ａ","ぽーしょんすてーしょん","環境・リサイクル","情報提供登録喫煙所","","","https://barpotionstation.com/","","","面積等：12㎡，喫煙できるたばこ：紙巻き、加熱式，開業時間：月～土（祝日除く）
月～木 20:00～2:00／金・土 20:00～5:00，喫煙所のみの利用：不可（店舗利用必要）","","135.502569913026","34.6728879085131","情報提供喫煙所"
"魚串ＢＡＲ　※完全予約制","大阪市中央区心斎橋筋２丁目３番５号","さかなくしばる","環境・リサイクル","情報提供登録喫煙所","","","https://sakanakushi-bal.foodre.jp/","","","面積等：30㎡，喫煙できるたばこ：紙巻き、加熱式，開業時間：月～土（祝日除く）
月～木 18:00～24：00／金・土 18:00～1:00
（休業日）年末年始、連休の最終日。完全予約制かつ不定休のため、利用の際は店舗への確認が必要。，喫煙所のみの利用：不可（店舗利用必要）","店舗全面喫煙可能","135.502063311507","34.6699044086989","情報提供喫煙所"
"カーショップキャスバル","大阪市大正区三軒家西３丁目４番32号","かーしょっぷきゃすばる","環境・リサイクル","情報提供登録喫煙所","","","","","","面積等：5㎡，喫煙できるたばこ：紙巻き、加熱式，開業時間：月～日（祝日含む）9:00～18:00
（休業日）年末年始、ゴールデンウイーク、お盆，喫煙所のみの利用：可","","135.473050318154","34.6655078284905","情報提供喫煙所"
"バーオリジンズ","大阪市中央区東心斎橋１丁目18番４号","ばーおりじんず","環境・リサイクル","情報提供登録喫煙所","","","","","","面積等：15㎡，喫煙できるたばこ：紙巻き、加熱式，開業時間：月～土（祝日除く）18:00～24:00
（休業日）年末年始，喫煙所のみの利用：不可（店舗利用必要）","店舗全面喫煙可能","135.503274767379","34.6740008912981","情報提供喫煙所"
"ぞうすいの店　ひよこ家東心斎橋店","大阪市中央区東心斎橋２丁目４番11号　１階","ぞうすいのみせ　ひよこやひがししんさいばしてん","環境・リサイクル","情報提供登録喫煙所","","","https://www.instagram.com/zosuihiyokoya.osaka/?hl=ja","","","面積等：26.45㎡，喫煙できるたばこ：紙巻き、加熱式，開業時間：月～日（祝日含む）18:00～6:00，喫煙所のみの利用：不可（店舗利用必要）","店舗全面喫煙可能","135.504931824884","34.6712237063249","情報提供喫煙所"
"遊食家","大阪市中央区心斎橋筋２丁目３番７号　ロイヤル北川ビル１階","ゆうしょくや","環境・リサイクル","情報提供登録喫煙所","","","https://yuusyokuya-shinsaibashi.com/","","","面積等：28㎡，喫煙できるたばこ：紙巻き、加熱式，開業時間：月～日（祝日含む）18:00～23:00
（休業日）不定休，喫煙所のみの利用：不可（店舗利用必要）","店舗全面喫煙可能","135.502161742705","34.6697125374374","情報提供喫煙所"
"清月","大阪市中央区千日前１丁目９番１号","せいげつ","環境・リサイクル","情報提供登録喫煙所","","","","","","面積等：11㎡，喫煙できるたばこ：加熱式専用，開業時間：火～日（祝日含む）17:30～23:00，喫煙所のみの利用：不可（店舗利用必要）","店舗全面喫煙可能","135.504154518257","34.6675501717039","情報提供喫煙所"
"坂町ハイカラ","大阪市中央区千日前１丁目８番５号　エバーミリオンビル１F","さかまちはいから","環境・リサイクル","情報提供登録喫煙所","","","","","","面積等：30㎡，喫煙できるたばこ：紙巻き、加熱式，開業時間：火～土（祝日除く）23:59～10:00
（休業日）年末年始、その他にも不定期で連休あり，喫煙所のみの利用：不可（店舗利用必要）","店舗全面喫煙可能","135.504064041798","34.6677474202895","情報提供喫煙所"
"鉄板串焼酒場　赤羽家","大阪市中央区東心斎橋２丁目５番32号　みわビル１Ｆ","てっぱんくしやきさかば　あかばねや","環境・リサイクル","情報提供登録喫煙所","","","https://www.instagram.com/teppan_akabaneya?igsh=MXJ6YmhzNjlkbW96Ng%3D%3D&utm_source=qr","","","面積等：23.3㎡，喫煙できるたばこ：紙巻き、加熱式，開業時間：月～日（祝日含む）
月～土 18:00～5:00／日 18:00～24:00，喫煙所のみの利用：不可（店舗利用必要）","店舗全面喫煙可能","135.504097549461","34.6718433429477","情報提供喫煙所"
"居酒屋Ｐａｎｄｏｒａ","大阪市中央区東心斎橋２丁目１番13号　日宝ジャンボビル１階８号","いざかやぱんどら","環境・リサイクル","情報提供登録喫煙所","","","https://www.instagram.com/pandora.mana_1110?igsh=bGM2cXRib2tsYjFw&utm_source=qr","","","面積等：22.11㎡，喫煙できるたばこ：紙巻き、加熱式，開業時間：月～土（祝日除く）18:00～2:00，喫煙所のみの利用：不可（店舗利用必要）","店舗全面喫煙可能","135.505697050416","34.6713172663961","情報提供喫煙所"
"まいどはるみ","大阪市中央区千日前２丁目６番８号　ゴールデンフタバビル４階","まいどはるみ","環境・リサイクル","情報提供登録喫煙所","","","","","","面積等：10㎡，喫煙できるたばこ：紙巻き、加熱式，開業時間：月～土（祝日含む）17:30～23:30，喫煙所のみの利用：不可（店舗利用必要）","店舗全面喫煙可能","135.504426246738","34.6665591321232","情報提供喫煙所"
"笑庵","大阪市中央区難波１丁目３番14号","わらいあん","環境・リサイクル","情報提供登録喫煙所","","","","","","面積等：20㎡，喫煙できるたばこ：紙巻き、加熱式，開業時間：火～日（祝日含む）16:00～20:30，喫煙所のみの利用：不可（店舗利用必要）","店舗全面喫煙可能","135.502395918623","34.6675616640659","情報提供喫煙所"
"焼酎酒屋たけ","大阪市中央区難波４丁目５番８号　201","しょうちゅうさかやたけ","環境・リサイクル","情報提供登録喫煙所","","","","","","面積等：30㎡，喫煙できるたばこ：紙巻き、加熱式，開業時間：火～日（祝日含む）
火～金 19:00～24:00／土・日 15:00～23:00，喫煙所のみの利用：不可（店舗利用必要）","店舗全面喫煙可能","135.499425268892","34.6654503382231","情報提供喫煙所"
"鹿肉料理専門店Ｂｕｔｔｏｃｋｓ","大阪市中央区千日前１丁目４番19号　中島ビル１Ｆ右奥","しかにくりょうりせんもんてんばとっくす","環境・リサイクル","情報提供登録喫煙所","","","https://www.hotpepper.jp/strJ001187200/","","","面積等：13.2㎡，喫煙できるたばこ：紙巻き、加熱式，開業時間：月～日（祝日含む）
月～土 11:00～14:00、18:00～4;00／
日 18:00～4:00，喫煙所のみの利用：不可（店舗利用必要）","店舗全面喫煙可能","135.504517011663","34.6675414656458","情報提供喫煙所"
"ＡＲＩ","大阪市中央区心斎橋筋２丁目２番３号","あり","環境・リサイクル","情報提供登録喫煙所","","","","","","面積等：30㎡，喫煙できるたばこ：紙巻き、加熱式，開業時間：月～金（祝日除く）20:00～23:30，喫煙所のみの利用：不可（店舗利用必要）","店舗全面喫煙可能","135.5021164093","34.6708982802913","情報提供喫煙所"
"アルモンデ","大阪市中央区難波４丁目６番２号　ミューズビル４階","あるもんで","環境・リサイクル","情報提供登録喫煙所","","","","","","面積等：15㎡，喫煙できるたばこ：紙巻き、加熱式，開業時間：月～日（祝日含む）19:00～23:00，喫煙所のみの利用：不可（店舗利用必要）","店舗全面喫煙可能","135.499312397866","34.666467866316","情報提供喫煙所"
"Ｌｉｖｉｎｇまき","大阪市中央区千日前１丁目６番７号　日宝阪町ファイブ３階","りびんぐまき","環境・リサイクル","情報提供登録喫煙所","","","https://www.snakaranavi.net/shop.php?sno=12512","","","面積等：15㎡，喫煙できるたばこ：紙巻き、加熱式，開業時間：月、火、木～土（祝日除く）19:30～24:00
（休業日）お盆、年末年始，喫煙所のみの利用：不可（店舗利用必要）","店舗全面喫煙可能","135.504752361791","34.6680674907676","情報提供喫煙所"
"喫茶＆軽食　ナイアガラ","大阪市中央区日本橋１丁目３番17号　エンビイビル１階","きっさあんどけいしょく　ないあがら","環境・リサイクル","情報提供登録喫煙所","","","https://youtu.be/GLjVB-PSpPI?si=11x_VpUR0k_QT9Up","","","面積等：25㎡，喫煙できるたばこ：紙巻き、加熱式，開業時間：月～日（祝日除く）9:00～18:00
（休業日）第２ 第４木曜日，喫煙所のみの利用：不可（店舗利用必要）","店舗全面喫煙可能","135.505740309116","34.6679040489963","情報提供喫煙所"
"山家珈琲","大阪市中央区難波４丁目８番６号","やまやこーひー","環境・リサイクル","情報提供登録喫煙所","","","","","","面積等：25㎡，喫煙できるたばこ：紙巻き、加熱式，開業時間：月～金（祝日除く）12:00～17:00
（休業日）年末年始，喫煙所のみの利用：不可（店舗利用必要）","店舗全面喫煙可能","135.498732762205","34.6664718860676","情報提供喫煙所"
"千日前やすだや","大阪市中央区千日前１丁目９番８号","せんにちまえやすだや","環境・リサイクル","情報提供登録喫煙所","","","https://www.yasuda-ya.jp/","","","面積等：20㎡，喫煙できるたばこ：紙巻き、加熱式，開業時間：月、水～日（祝日含む）
月、水、木 16:00～24:00／金・土・祝前日 16;00～3:00
（休業日）GW・お盆・年末年始は変則営業のため、利用の際は店舗に確認が必要。，喫煙所のみの利用：不可（店舗利用必要）","店舗全面喫煙可能","135.503827694301","34.6673288192338","情報提供喫煙所"
"立ち呑みクック　オッソオッセョ！","大阪市中央区東心斎橋２丁目１番13号　ジャンボビル１階７号","たちのみくっく　おっそおっせょ！","環境・リサイクル","情報提供登録喫煙所","","","","","","面積等：２㎡，喫煙できるたばこ：紙巻き、加熱式，開業時間：火～日（祝日含む）
火～土 18:00～2:00／日、祝 18:00～23:00，喫煙所のみの利用：不可（店舗利用必要）","店舗全面喫煙可能","135.505592067515","34.6713100793406","情報提供喫煙所"
"バーアザブ","大阪市中央区東心斎橋２丁目８番20号　リアライズ畳屋町ビル２階","ばーあざぶ","環境・リサイクル","情報提供登録喫煙所","","","","","","面積等：24㎡，喫煙できるたばこ：紙巻き、加熱式，開業時間：月～日（祝日含む）20:00～3:00
（休業日）不定休，喫煙所のみの利用：不可（店舗利用必要）","店舗全面喫煙可能","135.502586683462","34.6714839352048","情報提供喫煙所"
"ＰｒｅＣｌｏ　プレクロ","大阪市中央区難波千日前14番２号　２階","ぷれくろ","環境・リサイクル","情報提供登録喫煙所","","","https://x.com/preclo","","","面積等：26㎡，喫煙できるたばこ：紙巻き、加熱式，開業時間：月～土（祝日含む）20:00～2:00
（休業日）祝日が日曜日の場合は通常営業し、翌月曜日が休業。，喫煙所のみの利用：不可（店舗利用必要）","店舗全面喫煙可能","135.503372044976","34.6640761190789","情報提供喫煙所"
"フィフティーフィフティー","大阪市中央区難波４丁目３番16号　ＧＴタウン２階201号","ふぃふてぃーふぃふてぃー","環境・リサイクル","情報提供登録喫煙所","","","https://g.co/kgs/1mgPbw","","","面積等：23.52㎡，喫煙できるたばこ：紙巻き、加熱式，開業時間：月～土（祝日除く）19:00～23:30
（休業日）年末年始，喫煙所のみの利用：不可（店舗利用必要）","店舗全面喫煙可能","135.499403284912","34.6658868434262","情報提供喫煙所"
"立ち呑み毘","大阪市中央区日本橋１丁目21番20号","たちのみび","環境・リサイクル","情報提供登録喫煙所","","","","","","面積等：18.5㎡，喫煙できるたばこ：紙巻き、加熱式，開業時間：月～日（祝日含む）16:00～24:00
（休業日）第２火曜日、第４木曜日，喫煙所のみの利用：不可（店舗利用必要）","店舗全面喫煙可能","135.506389742839","34.665643752832","情報提供喫煙所"
"立呑みＱ","大阪市中央区難波千日前13番４号","たちのみきゅー","環境・リサイクル","情報提供登録喫煙所","","","","","","面積等：20㎡，喫煙できるたばこ：紙巻き、加熱式，開業時間：月～日（祝日含む）17:00～24:00
（休業日）不定休，喫煙所のみの利用：不可（店舗利用必要）","店舗全面喫煙可能","135.503198410637","34.6642402485169","情報提供喫煙所"
"湯里公衆喫煙所","大阪市東住吉区湯里４丁目９番12号","ゆざとこうしゅうきつえんじょ","環境・リサイクル","大阪市指定喫煙所","","","","","","面積：13.73平方メートル，供用時間：月曜日から日曜日（祝日含む）の８時から20時まで，喫煙所形態：屋外閉鎖型","","135.535424119024","34.6094801519464","大阪市指定喫煙所"
"（有）谷山商店","都島区大東町1-14-13","（ゆう）たにやましょうてん","環境・リサイクル","古紙回収協力店","06-6921-4303","","http://www.city.osaka.lg.jp/kankyo/page/0000209691.html","","","","","135.5299265","34.7243624000006","古紙回収協力店"
"（株）スカット","大正区鶴町1-11-13","（かぶ）すかっと","環境・リサイクル","古紙回収協力店","06-4395-5177","","http://www.city.osaka.lg.jp/kankyo/page/0000209691.html","","","","","135.458627600002","34.636759700001","古紙回収協力店"
"（株）さつき","大正区鶴町4-12-27","（かぶ）さつき","環境・リサイクル","古紙回収協力店","06-6552-7272","","http://www.city.osaka.lg.jp/kankyo/page/0000209691.html","","","","","135.452551200002","34.645099400001","古紙回収協力店"
"太陽企業（株）　大阪支店","大正区南恩加島1-13-18","たいようきぎょう（かぶ）　おおさかしてん","環境・リサイクル","古紙回収協力店","06-6555-1494","","http://www.city.osaka.lg.jp/kankyo/page/0000209691.html","","","","","135.472039700002","34.633743000001","古紙回収協力店"
"（株）松南サービス","大正区南恩加島4-4-53","（かぶ）しょうなんさーびす","環境・リサイクル","古紙回収協力店","06-6551-3459","","http://www.city.osaka.lg.jp/kankyo/page/0000209691.html","","","","","135.468550400002","34.633345700001","古紙回収協力店"
"合同衛生（株）","浪速区恵美須西3-16-41","ごうどうえいせい（かぶ）","環境・リサイクル","古紙回収協力店","06-6641-8960","","http://www.city.osaka.lg.jp/kankyo/page/0000209691.html","","","","","135.5009679","34.6504469000007","古紙回収協力店"
"（株）泰進環境","浪速区敷津東1-6-20","（かぶ）たいしんかんきょう","環境・リサイクル","古紙回収協力店","06-6641-0059","","http://www.city.osaka.lg.jp/kankyo/page/0000209691.html","","","","","135.4995281","34.6587948000008","古紙回収協力店"
"（株）きわきん","浪速区日本橋東3-16-5","（かぶ）きわきん","環境・リサイクル","古紙回収協力店","06-6631-5339","","http://www.city.osaka.lg.jp/kankyo/page/0000209691.html","","","","","135.5080011","34.6541846000007","古紙回収協力店"
"近畿サービス","西淀川区竹島4-8-20","きんきさーびす","環境・リサイクル","古紙回収協力店","06-6475-3325","","http://www.city.osaka.lg.jp/kankyo/page/0000209691.html","","","","","135.451072300002","34.725388300001","古紙回収協力店"
"玉木紙料（株）　西淀営業所","西淀川区福町2-5-43","たまきしりょう（かぶ）　にしよどえいぎょうしょ","環境・リサイクル","古紙回収協力店","06-6474-9811","","http://www.city.osaka.lg.jp/kankyo/page/0000209691.html","","","","","135.442253800002","34.6983471000011","古紙回収協力店"
"（有）橘金属","淀川区新北野2-1-1","（ゆう）たちばなきんぞく","環境・リサイクル","古紙回収協力店","06-6301-4404","","http://www.city.osaka.lg.jp/kankyo/page/0000209691.html","","","","","135.480530800002","34.7152041000009","古紙回収協力店"
"玉木紙料（株）　本社工場","都島区高倉町3-7-13","たまきしりょう（かぶ）　ほんしゃこうじょう","環境・リサイクル","古紙回収協力店","06-6922-3895","","http://www.city.osaka.lg.jp/kankyo/page/0000209691.html","","","","","135.5326369","34.7192641000006","古紙回収協力店"
"都市クリエイト(株）古紙リサイクル森之宮ヤード","城東区鴫野西2-6-17","としくりえいと(かぶ　こしりさいくるもりのみややーど","環境・リサイクル","古紙回収協力店","06-6962-0072","","http://www.city.osaka.lg.jp/kankyo/page/0000209691.html","","","","","135.5388049","34.6899064000005","古紙回収協力店"
"大阪紙業（株）　鶴見事業所","鶴見区安田2-6-22","おおさかしぎょう（かぶ）　つるみじぎょうしょ","環境・リサイクル","古紙回収協力店","06-6914-0561","","http://www.city.osaka.lg.jp/kankyo/page/0000209691.html","","","","","135.5934046","34.7047678000004","古紙回収協力店"
"マツダ（株）　大阪南港工場","住之江区泉2-1-92","まつだ（かぶ）　おおさかなんこうこうじょう","環境・リサイクル","古紙回収協力店","06-6681-5125","","http://www.city.osaka.lg.jp/kankyo/page/0000209691.html","","","","","135.462306200002","34.611642500001","古紙回収協力店"
"JP資源（株）関西事業部　南港事業所","住之江区南港南3-7-23","じぇーぴーしげん（かぶ）かんさいじぎょうぶ　なんこうじぎょうしょ","環境・リサイクル","古紙回収協力店","06-4703-4155","","http://www.city.osaka.lg.jp/kankyo/page/0000209691.html","","","","","135.425371300002","34.6143669000012","古紙回収協力店"
"JP資源（株）関西事業部　平林事業所","住之江区平林北2-2-9","じぇーぴーしげん（かぶ）かんさいじぎょうぶ　ひらばやしじぎょうしょ","環境・リサイクル","古紙回収協力店","06-6681-6025","","http://www.city.osaka.lg.jp/kankyo/page/0000209691.html","","","","","135.461049700002","34.616952500001","古紙回収協力店"
"愛媛パルプ協同組合大阪事業所AIPAリサイクルセンター","住之江区平林南1-3-82","えひめぱるぷきょうどうくみあいおおさかじむしょ　あいぱりさいくるせんたー","環境・リサイクル","古紙回収協力店","06-6115-6680","","http://www.city.osaka.lg.jp/kankyo/page/0000209691.html","","","","","135.457244400002","34.615633700001","古紙回収協力店"
"（株）大生　営業所","東住吉区住道矢田6-14-9","（かぶ）たいせい　えいぎょうしょ","環境・リサイクル","古紙回収協力店","06-6797-1023","","http://www.city.osaka.lg.jp/kankyo/page/0000209691.html","","","","","135.5429471","34.6073624000005","古紙回収協力店"
"（株）大生　本社","東住吉区中野4-6-25","（かぶ）たいせい　ほんしゃ","環境・リサイクル","古紙回収協力店","06-6797-2220","","http://www.city.osaka.lg.jp/kankyo/page/0000209691.html","","","","","135.5395622","34.6194705000006","古紙回収協力店"
"靖国紙料（株）","平野区加美北5-8-47","やすくにしりょう（かぶ）","環境・リサイクル","古紙回収協力店","06-6792-5080","","http://www.city.osaka.lg.jp/kankyo/page/0000209691.html","","","","","135.5640667","34.6383805000004","古紙回収協力店"
"（有）西本紙業","福島区海老江5-3-11忠愛ビル","（ゆう）にしもとしぎょう","環境・リサイクル","古紙回収協力店","06-6455-0001","","http://www.city.osaka.lg.jp/kankyo/page/0000209691.html","","","","","135.472809800002","34.6961454000008","古紙回収協力店"
"日ノ出紙料（株）","平野区西脇2-8-22","ひのでしりょう（かぶ）","環境・リサイクル","古紙回収協力店","06-6703-6877","","http://www.city.osaka.lg.jp/kankyo/page/0000209691.html","","","","","135.5446995","34.6266998000006","古紙回収協力店"
"山上紙業（株）本社工場","平野区平野西1-10-21","やまがみしぎょう（かぶ）　ほんしゃこうじょう","環境・リサイクル","古紙回収協力店","06-6702-1751","","http://www.city.osaka.lg.jp/kankyo/page/0000209691.html","","","","","135.5430529","34.6190824000005","古紙回収協力店"
"合同衛生（株）リサイクルセンターコンビ","西成区北津守3-11-21","ごうどうえいせい（かぶ）　りさいくるせんたーこんび","環境・リサイクル","古紙回収協力店","06-6563-3633","","http://www.city.osaka.lg.jp/kankyo/page/0000209691.html","","","","","135.480113700002","34.6500866000008","古紙回収協力店"
"（有）東清掃","西成区北開1-2-27","（ゆう）あずませいそう","環境・リサイクル","古紙回収協力店","06-6568-7676","","http://www.city.osaka.lg.jp/kankyo/page/0000209691.html","","","","","135.491446700001","34.6535324000008","古紙回収協力店"
"（株）大惠　津守営業所資源リサイクルセンター","西成区津守3-8-80","（かぶ）だいけい　つもりえいぎょうしょしげんりさいくるせんたー","環境・リサイクル","古紙回収協力店","06-6651-1376","","http://www.city.osaka.lg.jp/kankyo/page/0000209691.html","","","","","135.480575300002","34.6402087000008","古紙回収協力店"
"（株）皆黒商店","此花区北港2-1-10","（かぶ）みなぐろしょうてん","環境・リサイクル","古紙回収協力店","06-6461-0796","","http://www.city.osaka.lg.jp/kankyo/page/0000209691.html","","","","","135.422944500002","34.6667081000013","古紙回収協力店"
"（株）福島興業　大阪港湾リサイクルコアテック","此花区北港2-1-67","（かぶ）ふくしまこうぎょう　おおさかこうわんりさいくるこあてっく","環境・リサイクル","古紙回収協力店","06-4796-0777","","http://www.city.osaka.lg.jp/kankyo/page/0000209691.html","","","","","135.423597400002","34.6672146000012","古紙回収協力店"
"（株）大惠　本社","港区波除3-12-6","（かぶ）だいけい　ほんしゃ","環境・リサイクル","古紙回収協力店","06-6582-1697","","http://www.city.osaka.lg.jp/kankyo/page/0000209691.html","","","","","135.461631100002","34.671257100001","古紙回収協力店"
"共和紙料（株）　港営業所","港区福崎3-1-91","きょうわしりょう（かぶ）　みなとえいぎょうしょ","環境・リサイクル","古紙回収協力店","06-6571-2422","","http://www.city.osaka.lg.jp/kankyo/page/0000209691.html","","","","","135.456578800002","34.654990400001","古紙回収協力店"
"栄伸開発（株）","大正区泉尾6-4-5","えいしんかいはつ（かぶ）","環境・リサイクル","古紙回収協力店","06-6555-5381","","http://www.city.osaka.lg.jp/kankyo/page/0000209691.html","","","","","135.467852400002","34.6616244000009","古紙回収協力店"
"大和紙料（株）　本社","大正区三軒家東2-9-10","だいわしりょう（かぶ）　ほんしゃ","環境・リサイクル","古紙回収協力店","06-6551-2231","","http://www.city.osaka.lg.jp/kankyo/page/0000209691.html","","","","","135.481492200002","34.6609553000008","古紙回収協力店"
"近畿産業（株）エコガレージ","北区南扇町３－２３","きんきさんぎょう（かぶ）えこがれーじ","環境・リサイクル","古紙回収協力店","06-6314-3141","","http://www.city.osaka.lg.jp/kankyo/page/0000209691.html","","","","","135.508933","34.7008100000006","古紙回収協力店"
"(株）ムトウ","此花区春日出中２丁目１－２","(かぶむとう","環境・リサイクル","古紙回収協力店","06-6461-7149","","http://www.city.osaka.lg.jp/kankyo/page/0000209691.html","","","","","135.452183000002","34.678667000001","古紙回収協力店"
"(株）加地","此花区常吉２丁目５－３","(かぶかじ","環境・リサイクル","古紙回収協力店","06-6463-0208","","http://www.city.osaka.lg.jp/kankyo/page/0000209691.html","","","","","135.414729000002","34.6750120000014","古紙回収協力店"
"（株）新地衛生","浪速区恵美須西２丁目１２－１０","（かぶ）しんちえいせい","環境・リサイクル","古紙回収協力店","06-6632-2656","","http://www.city.osaka.lg.jp/kankyo/page/0000209691.html","","","","","135.503019","34.6527550000008","古紙回収協力店"
"（有）相互衛生","浪速区元町３丁目３－１０","（ゆう）そうごえいせい","環境・リサイクル","古紙回収協力店","06-6641-5375","","https://www.city.osaka.lg.jp/kankyo/page/0000209691.html","","","","","135.495959000001","34.6604280000008","古紙回収協力店"
"（株）大建工業所　中島営業所","西淀川区中島２丁目１３－８","（かぶ）だいけんこうぎょうしょ　なかじまえいぎょうしょ","環境・リサイクル","古紙回収協力店","06-6475-8666","","http://www.city.osaka.lg.jp/kankyo/page/0000209691.html","","","","","135.409815000002","34.6959080000014","古紙回収協力店"
"(株）堂垣商店","西淀川区御幣島６丁目１６－２８","(かぶどうがきしょうてん","環境・リサイクル","古紙回収協力店","06-6474-5288","","http://www.city.osaka.lg.jp/kankyo/page/0000209691.html","","","","","135.455377000002","34.722252000001","古紙回収協力店"
"（株）ジオメイク","淀川区田川北２丁目４－９","（かぶ）じおめいく","環境・リサイクル","古紙回収協力店","06-6308-3741","","http://www.city.osaka.lg.jp/kankyo/page/0000209691.html","","","","","135.470733000002","34.722981800001","古紙回収協力店"
"マスダエーセイ（株）","東淀川区菅原２丁目１３－２２","ますだえーせい（かぶ）","環境・リサイクル","古紙回収協力店","06-6329-6657","","http://www.city.osaka.lg.jp/kankyo/page/0000209691.html","","","","","135.532504","34.7383900000006","古紙回収協力店"
"大東衛生（株）　本社","東成区大今里西１丁目１９－３８","だいとうえいせい（かぶ）　ほんしゃ","環境・リサイクル","古紙回収協力店","06-6971-7339","","http://www.city.osaka.lg.jp/kankyo/page/0000209691.html","","","","","135.5404276","34.6723344000006","古紙回収協力店"
"TOP資源（株）　生野工場","生野区桃谷２丁目１９－５","てぃーおーぴーしげん（かぶ）　いくのこうじょう","環境・リサイクル","古紙回収協力店","06-6969-6919","","http://www.city.osaka.lg.jp/kankyo/page/0000209691.html","","","","","135.533703","34.6592630000006","古紙回収協力店"
"（株）協和","住之江区平林南１丁目５－３９","（かぶ）きょうわ","環境・リサイクル","古紙回収協力店","06-4702-1300","","http://www.city.osaka.lg.jp/kankyo/page/0000209691.html","","","","","135.452376000002","34.6152150000011","古紙回収協力店"
"大東衛生（株）　住之江工場","住之江区平林南１丁目６－３８","だいとうえいせい（かぶ）　すみのえこうじょう","環境・リサイクル","古紙回収協力店","06-6685-9371","","http://www.city.osaka.lg.jp/kankyo/page/0000209691.html","","","","","135.451362100002","34.614393800001","古紙回収協力店"
"大阪衛生（株）","西成区南津守１丁目５－５４","おおさかえいせい（かぶ）","環境・リサイクル","古紙回収協力店","06-6656-1800","","http://www.city.osaka.lg.jp/kankyo/page/0000209691.html","","","","","135.485203600002","34.6353685000008","古紙回収協力店"
"京阪総合サービス（株）","旭区大宮１丁目１８－１","けいはんそうごうさーびす（かぶ）","環境・リサイクル","古紙回収協力店","06-6955-2100","","http://www.city.osaka.lg.jp/kankyo/page/0000209691.html","","","","","135.5476266","34.7214540000004","古紙回収協力店"
"TOP資源（株）　本社","鶴見区今津北４丁目１２－８","てぃーおーぴーしげん（かぶ）　ほんしゃ","環境・リサイクル","古紙回収協力店","06-6969-6919","","http://www.city.osaka.lg.jp/kankyo/page/0000209691.html","","","","","135.577592","34.6940970000004","古紙回収協力店"
"西浦環境(株）","西成区南津守５丁目６－７８","にしうらかんきょう(かぶ","環境・リサイクル","古紙回収協力店","06-6656-8099","","http://www.city.osaka.lg.jp/kankyo/page/0000209691.html","","","","","135.478262000002","34.6312503000008","古紙回収協力店"
"（株）ハナカン","西成区南津守６丁目８－１８","（かぶ）はなかん","環境・リサイクル","古紙回収協力店","06-6657-1211","","http://www.city.osaka.lg.jp/kankyo/page/0000209691.html","","","","","135.479506600002","34.6259490000008","古紙回収協力店"
"勝産業（株）　佃営業所・佃リサイクルデポ","西淀川区佃６丁目５－２４","かつさんぎょうかぶしきかいしゃ　つくだえいぎょうしょ　つくだりさいくるでぽ","環境・リサイクル","古紙回収協力店","06-6195-8654","","http://www.city.osaka.lg.jp/kankyo/page/0000209691.html","","","","","135.432394000002","34.7100660000012","古紙回収協力店"
"信和商事（株）大阪営業所","城東区今福南２丁目２２－１５","しんわしょうじかぶしきがいしゃおおさかえいぎょうしょ","環境・リサイクル","古紙回収協力店","06-6931-1748","","https://www.city.osaka.lg.jp/kankyo/page/0000209691.html","","","","","135.55308","34.6988410000004","古紙回収協力店"
"信和商事（株）南港営業所","住之江区南港東３丁目１－３５","","環境・リサイクル","古紙回収協力店","06-6614-5515","","https://www.city.osaka.lg.jp/kankyo/page/0000209691.html","","","","","135.442112092428","34.6164854439311","古紙回収協力店"
